Workbook

Sheet RTD_20240620_TP24_BF_NodeResult
A1: CaseID | B1: DateTime | C1: Period | D1: Node | E1: Generation (MW) | F1: Load (MW) | G1: Price ($/MWh) | H1: Deficit(MW) | I1: Surplus(MW) | L1: CaseID | M1: DateTime | N1: Period | O1: Node | P1: Generation (MW) | Q1: Load (MW) | R1: Price ($/MWh) | S1: Deficit(MW) | T1: Surplus(MW)
A2: 191302024062300479 | B2: 45463.479 | C2: TP24 | D2: ABY0111 | E2: 0 | F2: 3.007 | G2: 269.3895 | H2: 0 | I2: 0 | J2: =F2-Q2 -> 0 | L2: 191302024062300479 | M2: 45463.479 | N2: TP24 | O2: ABY0111 | P2: 0 | Q2: 3.007 | R2: 269.3895 | S2: 0 | T2: 0
A3: 191302024062300479 | B3: 45463.479 | C3: TP24 | D3: ABY1101 | E3: 0 | F3: 0 | G3: 269.1015 | H3: 0 | I3: 0 | J3: =F3-Q3 -> 0 | L3: 191302024062300479 | M3: 45463.479 | N3: TP24 | O3: ABY1101 | P3: 0 | Q3: 0 | R3: 269.1015 | S3: 0 | T3: 0
A4: 191302024062300479 | B4: 45463.479 | C4: TP24 | D4: ALB0331 | E4: 0 | F4: 98.096 | G4: 274.621 | H4: 0 | I4: 0 | J4: =F4-Q4 -> 0 | L4: 191302024062300479 | M4: 45463.479 | N4: TP24 | O4: ALB0331 | P4: 0 | Q4: 98.096 | R4: 274.621 | S4: 0 | T4: 0
A5: 191302024062300479 | B5: 45463.479 | C5: TP24 | D5: ALB1101 | E5: 0 | F5: 34.237 | G5: 274.247 | H5: 0 | I5: 0 | J5: =F5-Q5 -> 0 | L5: 191302024062300479 | M5: 45463.479 | N5: TP24 | O5: ALB1101 | P5: 0 | Q5: 34.237 | R5: 274.247 | S5: 0 | T5: 0
A6: 191302024062300479 | B6: 45463.479 | C6: TP24 | D6: ALB2201 | E6: 0 | F6: 0 | G6: 273.9051 | H6: 0 | I6: 0 | J6: =F6-Q6 -> 0 | L6: 191302024062300479 | M6: 45463.479 | N6: TP24 | O6: ALB2201 | P6: 0 | Q6: 0 | R6: 273.9051 | S6: 0 | T6: 0
A7: 191302024062300479 | B7: 45463.479 | C7: TP24 | D7: APS0111 | E7: 0 | F7: 0.28 | G7: 277.5045 | H7: 0 | I7: 0 | J7: =F7-Q7 -> 0 | L7: 191302024062300479 | M7: 45463.479 | N7: TP24 | O7: APS0111 | P7: 0 | Q7: 0.28 | R7: 277.5045 | S7: 0 | T7: 0
A8: 191302024062300479 | B8: 45463.479 | C8: TP24 | D8: APS0661 | E8: 0 | F8: 0 | G8: 277.0236 | H8: 0 | I8: 0 | J8: =F8-Q8 -> 0 | L8: 191302024062300479 | M8: 45463.479 | N8: TP24 | O8: APS0661 | P8: 0 | Q8: 0 | R8: 277.0236 | S8: 0 | T8: 0
A9: 191302024062300479 | B9: 45463.479 | C9: TP24 | D9: ARA2201 | E9: 0 | F9: 0 | G9: 250.189 | H9: 0 | I9: 0 | J9: =F9-Q9 -> 0 | L9: 191302024062300479 | M9: 45463.479 | N9: TP24 | O9: ARA2201 | P9: 0 | Q9: 0 | R9: 250.189 | S9: 0 | T9: 0
A10: 191302024062300479 | B10: 45463.479 | C10: TP24 | D10: ARA2201 ARA0 | E10: 72 | F10: 0 | G10: 250.189 | H10: 0 | I10: 0 | J10: =F10-Q10 -> 0 | L10: 191302024062300479 | M10: 45463.479 | N10: TP24 | O10: ARA2201 ARA0 | P10: 72 | Q10: 0 | R10: 250.189 | S10: 0 | T10: 0
A11: 191302024062300479 | B11: 45463.479 | C11: TP24 | D11: ARG1101 | E11: 0 | F11: 0 | G11: 294.6714 | H11: 0 | I11: 0 | J11: =F11-Q11 -> 0 | L11: 191302024062300479 | M11: 45463.479 | N11: TP24 | O11: ARG1101 | P11: 0 | Q11: 0 | R11: 294.6714 | S11: 0 | T11: 0
A12: 191302024062300479 | B12: 45463.479 | C12: TP24 | D12: ARG1101 BRR0 | E12: 11 | F12: 0 | G12: 294.6714 | H12: 0 | I12: 0 | J12: =F12-Q12 -> 0 | L12: 191302024062300479 | M12: 45463.479 | N12: TP24 | O12: ARG1101 BRR0 | P12: 11 | Q12: 0 | R12: 294.6714 | S12: 0 | T12: 0
A13: 191302024062300479 | B13: 45463.479 | C13: TP24 | D13: ARI1101 | E13: 0 | F13: 0 | G13: 244.3526 | H13: 0 | I13: 0 | J13: =F13-Q13 -> 0 | L13: 191302024062300479 | M13: 45463.479 | N13: TP24 | O13: ARI1101 | P13: 0 | Q13: 0 | R13: 244.3526 | S13: 0 | T13: 0
... A3217: 191012024062355506 | B3217: 45463.497 | C3217: TP24 | D3217: WWD1103 WWD0 | E3217: 0 | F3217: 0 | G3217: 219.9732 | H3217: 0 | I3217: 0 | J3217: =F3217-Q3217 -> 0 | L3217: 191012024062355506 | M3217: 45463.497 | N3217: TP24 | O3217: WWD1103 WWD0 | P3217: 0 | Q3217: 0 | R3217: 219.9732 | S3217: 0 | T3217: 0

Sheet Solution Pnode
A1: I | B1: SOLUTION | C1: PNODE | D1: 1 | E1: INTERVAL | F1: PNODENAME | G1: PNODETYPE | H1: DISCONNECTED | I1: LOAD | J1: GENERATION | K1: INITIALMW | L1: PRICE | M1: LOCATIONFACTOR | N1: MW_IMBALANCE | O1: BADSCADAGEN | P1: BADSCADALOAD | Q1: REQDLOAD | R1: DEAD | S1: ENSHORTFALL | T1: RESERVEDEFICITSIXSECCE | U1: RESERVEDEFICITSIXTYSECCE | V1: INSTRUCTEDSHED | W1: INSTRUCTEDSHEDACTIVE | X1: LOADINITIALMWSOURCE | Y1: DISPATCHEDLOADINIT | Z1: DISPATCHEDGENINIT | AA1: RTDDIDESTIMATEINITIALMW | AB1: ELECTRICALISLAND | AC1: TRANSFERDUETOOUTAGE | AD1: OUTAGEBRANCH | AE1: ENSHORTFALLTRANSFEROFFMW | AF1: ENSHORTFALLTRANSFERONMW | AG1: ENSHORTFALLTRANSFERDESTPNODE | AH1: ENSHORTFALLTRANSFERDESTNOTFOUND | AI1: SHORTFALLDISABLEDSCALING | AJ1: PRICETRANSFERSOURCEPNODE | AK1: PRICETRANSFERSOURCENOTFOUND | AL1: DEADWITHLOAD | AM1: GENINITIALMWSOURCE | AN1: REPLACEDSURPLUSPRICE | AO1: GENRESIDUAL | AP1: DDBIDSLIMIT | AQ1: ENERGYGENRESIDUAL | AR1: CAPACITYGENRESIDUAL
A2: 191012024062345498 | B2: SOLUTION | C2: PNODE | D2: 1 | E2: 45463.49 | F2: ABY0111 | G2: X | H2: 0 | I2: 1.9865 | J2: 0 | K2: 2 | L2: 203.1972 | M2: 1.0521 | N2: 0 | O2: 0 | P2: 0 | Q2: 1.986 | R2: 0 | S2: 0 | T2: 0 | U2: 0 | V2: 0 | W2: 0 | X2: METER | Y2: 0 | Z2: 0 | AA2: 0 | AB2: 2 | AC2: 0 | AE2: 0 | AF2: 0 | AH2: 0 | AI2: 0 | AK2: 0 | AL2: 0 | AN2: 0 | AO2: 0 | AP2: 0 | AQ2: 0 | AR2: 0
A3: 191012024062345498 | B3: SOLUTION | C3: PNODE | D3: 1 | E3: 45463.49 | F3: ABY1101 | G3: A | H3: 0 | I3: 0 | J3: 0 | K3: 0 | L3: 202.98 | M3: 1.0509 | N3: 0 | O3: 0 | P3: 0 | Q3: 0 | R3: 0 | S3: 0 | T3: 0 | U3: 0 | V3: 0 | W3: 0 | Y3: 0 | Z3: 0 | AA3: 0 | AB3: 2 | AC3: 0 | AE3: 0 | AF3: 0 | AH3: 0 | AI3: 0 | AK3: 0 | AL3: 0 | AN3: 0 | AO3: 0 | AP3: 0 | AQ3: 0 | AR3: 0
A4: 191012024062345498 | B4: SOLUTION | C4: PNODE | D4: 1 | E4: 45463.49 | F4: ALB0331 | G4: X | H4: 0 | I4: 91.2861 | J4: 0 | K4: 92.2 | L4: 194.5025 | M4: 0.9996 | N4: 0 | O4: 0 | P4: 0 | Q4: 91.286 | R4: 0 | S4: 0 | T4: 0 | U4: 0 | V4: 0 | W4: 0 | X4: METER | Y4: 0 | Z4: 0 | AA4: 0 | AB4: 1 | AC4: 0 | AE4: 0 | AF4: 0 | AH4: 0 | AI4: 0 | AK4: 0 | AL4: 0 | AN4: 0 | AO4: 0 | AP4: 0 | AQ4: 0 | AR4: 0
A5: 191012024062345498 | B5: SOLUTION | C5: PNODE | D5: 1 | E5: 45463.49 | F5: ALB1101 | G5: X | H5: 0 | I5: 34.356 | J5: 0 | K5: 34.7 | L5: 194.2658 | M5: 0.9984 | N5: 0 | O5: 0 | P5: 0 | Q5: 34.356 | R5: 0 | S5: 0 | T5: 0 | U5: 0 | V5: 0 | W5: 0 | X5: METER | Y5: 0 | Z5: 0 | AA5: 0 | AB5: 1 | AC5: 0 | AE5: 0 | AF5: 0 | AH5: 0 | AI5: 0 | AK5: 0 | AL5: 0 | AN5: 0 | AO5: 0 | AP5: 0 | AQ5: 0 | AR5: 0
A6: 191012024062345498 | B6: SOLUTION | C6: PNODE | D6: 1 | E6: 45463.49 | F6: ALB2201 | G6: A | H6: 0 | I6: 0 | J6: 0 | K6: 0 | L6: 193.9955 | M6: 0.997 | N6: 0 | O6: 0 | P6: 0 | Q6: 0 | R6: 0 | S6: 0 | T6: 0 | U6: 0 | V6: 0 | W6: 0 | Y6: 0 | Z6: 0 | AA6: 0 | AB6: 1 | AC6: 0 | AE6: 0 | AF6: 0 | AH6: 0 | AI6: 0 | AK6: 0 | AL6: 0 | AN6: 0 | AO6: 0 | AP6: 0 | AQ6: 0 | AR6: 0
A7: 191012024062345498 | B7: SOLUTION | C7: PNODE | D7: 1 | E7: 45463.49 | F7: APS0111 | G7: X | H7: 0 | I7: 0.2771 | J7: 0 | K7: 0.279 | L7: 207.2326 | M7: 1.073 | N7: 0 | O7: 0 | P7: 0 | Q7: 0.277 | R7: 0 | S7: 0 | T7: 0 | U7: 0 | V7: 0 | W7: 0 | X7: SCADA | Y7: 0 | Z7: 0 | AA7: 0 | AB7: 2 | AC7: 0 | AE7: 0 | AF7: 0 | AH7: 0 | AI7: 0 | AK7: 0 | AL7: 0 | AN7: 0 | AO7: 0 | AP7: 0 | AQ7: 0 | AR7: 0
A8: 191012024062345498 | B8: SOLUTION | C8: PNODE | D8: 1 | E8: 45463.49 | F8: APS0661 | G8: A | H8: 0 | I8: 0 | J8: 0 | K8: 0 | L8: 206.8734 | M8: 1.0711 | N8: 0 | O8: 0 | P8: 0 | Q8: 0 | R8: 0 | S8: 0 | T8: 0 | U8: 0 | V8: 0 | W8: 0 | Y8: 0 | Z8: 0 | AA8: 0 | AB8: 2 | AC8: 0 | AE8: 0 | AF8: 0 | AH8: 0 | AI8: 0 | AK8: 0 | AL8: 0 | AN8: 0 | AO8: 0 | AP8: 0 | AQ8: 0 | AR8: 0
A9: 191012024062345498 | B9: SOLUTION | C9: PNODE | D9: 1 | E9: 45463.49 | F9: ARA2201 | G9: A | H9: 0 | I9: 0 | J9: 0 | K9: 0 | L9: 179.978 | M9: 0.9249 | N9: 0 | O9: 0 | P9: 0 | Q9: 0 | R9: 0 | S9: 0 | T9: 0 | U9: 0 | V9: 0 | W9: 0 | Y9: 0 | Z9: 0 | AA9: 0 | AB9: 1 | AC9: 0 | AE9: 0 | AF9: 0 | AH9: 0 | AI9: 0 | AK9: 0 | AL9: 0 | AN9: 0 | AO9: 0 | AP9: 0 | AQ9: 0 | AR9: 0
A10: 191012024062345498 | B10: SOLUTION | C10: PNODE | D10: 1 | E10: 45463.49 | F10: ARA2201 ARA0 | G10: I | H10: 0 | I10: 0 | J10: 47 | K10: 63.096 | L10: 179.978 | M10: 0.9249 | N10: 0 | O10: 0 | P10: 0 | Q10: 0 | R10: 0 | S10: 0 | T10: 0 | U10: 0 | V10: 0 | W10: 0 | Y10: 0 | Z10: 0 | AA10: 0 | AB10: 1 | AC10: 0 | AE10: 0 | AF10: 0 | AH10: 0 | AI10: 0 | AK10: 0 | AL10: 0 | AM10: SCADA | AN10: 0 | AO10: 30 | AP10: 0 | AQ10: 31 | AR10: 30
A11: 191012024062345498 | B11: SOLUTION | C11: PNODE | D11: 1 | E11: 45463.49 | F11: ARG1101 | G11: X | H11: 0 | I11: 0 | J11: 0 | K11: 0 | L11: 222.4605 | M11: 1.1518 | N11: 0 | O11: 0 | P11: 0 | Q11: 0 | R11: 0 | S11: 0 | T11: 0 | U11: 0 | V11: 0 | W11: 0 | X11: SCADA | Y11: 0 | Z11: 0 | AA11: 0 | AB11: 2 | AC11: 0 | AE11: 0 | AF11: 0 | AH11: 0 | AI11: 0 | AK11: 0 | AL11: 0 | AN11: 0 | AO11: 0 | AP11: 0 | AQ11: 0 | AR11: 0
A12: 191012024062345498 | B12: SOLUTION | C12: PNODE | D12: 1 | E12: 45463.49 | F12: ARG1101 BRR0 | G12: I | H12: 0 | I12: 0 | J12: 11 | K12: 10.9 | L12: 222.4605 | M12: 1.1518 | N12: 0 | O12: 0 | P12: 0 | Q12: 0 | R12: 0 | S12: 0 | T12: 0 | U12: 0 | V12: 0 | W12: 0 | Y12: 0 | Z12: 0 | AA12: 0 | AB12: 2 | AC12: 0 | AE12: 0 | AF12: 0 | AH12: 0 | AI12: 0 | AK12: 0 | AL12: 0 | AM12: SCADA | AN12: 0 | AO12: 0 | AP12: 0 | AQ12: 0 | AR12: 0
A13: 191012024062345498 | B13: SOLUTION | C13: PNODE | D13: 1 | E13: 45463.49 | F13: ARI1101 | G13: X | H13: 0 | I13: 0 | J13: 0 | K13: 0 | L13: 176.4655 | M13: 0.9069 | N13: 0 | O13: 0 | P13: 0 | Q13: 0 | R13: 0 | S13: 0 | T13: 0 | U13: 0 | V13: 0 | W13: 0 | X13: SCADA | Y13: 0 | Z13: 0 | AA13: 0 | AB13: 1 | AC13: 0 | AE13: 0 | AF13: 0 | AH13: 0 | AI13: 0 | AK13: 0 | AL13: 0 | AN13: 0 | AO13: 0 | AP13: 0 | AQ13: 0 | AR13: 0
A14: 191012024062345498 | B14: SOLUTION | C14: PNODE | D14: 1 | E14: 45463.49 | F14: ARI1101 ARI0 | G14: I | H14: 0 | I14: 0 | J14: 46 | K14: 74.389 | L14: 176.4655 | M14: 0.9069 | N14: 0 | O14: 0 | P14: 0 | Q14: 0 | R14: 0 | S14: 0 | T14: 0 | U14: 0 | V14: 0 | W14: 0 | Y14: 0 | Z14: 0 | AA14: 0 | AB14: 1 | AC14: 0 | AE14: 0 | AF14: 0 | AH14: 0 | AI14: 0 | AK14: 0 | AL14: 0 | AM14: SCADA | AN14: 0 | AO14: 35 | AP14: 0 | AQ14: 35 | AR14: 35
A15: 191012024062345498 | B15: SOLUTION | C15: PNODE | D15: 1 | E15: 45463.49 | F15: ARI1102 | G15: X | H15: 0 | I15: 10.5939 | J15: 0 | K15: 10.7 | L15: 187.0198 | M15: 0.9611 | N15: 0 | O15: 0 | P15: 0 | Q15: 10.594 | R15: 0 | S15: 0 | T15: 0 | U15: 0 | V15: 0 | W15: 0 | X15: METER | Y15: 0 | Z15: 0 | AA15: 0 | AB15: 1 | AC15: 0 | AE15: 0 | AF15: 0 | AH15: 0 | AI15: 0 | AK15: 0 | AL15: 0 | AN15: 0 | AO15: 0 | AP15: 0 | AQ15: 0 | AR15: 0
A16: 191012024062345498 | B16: SOLUTION | C16: PNODE | D16: 1 | E16: 45463.49 | F16: ARI1102 ARI0 | G16: I | H16: 0 | I16: 0 | J16: 40 | K16: 42.805 | L16: 187.0198 | M16: 0.9611 | N16: 0 | O16: 0 | P16: 0 | Q16: 0 | R16: 0 | S16: 0 | T16: 0 | U16: 0 | V16: 0 | W16: 0 | Y16: 0 | Z16: 0 | AA16: 0 | AB16: 1 | AC16: 0 | AE16: 0 | AF16: 0 | AH16: 0 | AI16: 0 | AK16: 0 | AL16: 0 | AM16: SCADA | AN16: 0 | AO16: 47 | AP16: 0 | AQ16: 50 | AR16: 47
A17: 191012024062345498 | B17: SOLUTION | C17: PNODE | D17: 1 | E17: 45463.49 | F17: ASB0661 | G17: X | H17: 0 | I17: 61.3 | J17: 0 | K17: 61.3 | L17: 205.9737 | M17: 1.0664 | N17: 0 | O17: 0 | P17: 0 | Q17: 61.3 | R17: 0 | S17: 0 | T17: 0 | U17: 0 | V17: 0 | W17: 0 | X17: METER | Y17: 0 | Z17: 0 | AA17: 0 | AB17: 2 | AC17: 0 | AE17: 0 | AF17: 0 | AH17: 0 | AI17: 0 | AK17: 0 | AL17: 0 | AN17: 0 | AO17: 0 | AP17: 0 | AQ17: 0 | AR17: 0
A18: 191012024062345498 | B18: SOLUTION | C18: PNODE | D18: 1 | E18: 45463.49 | F18: ASB0661 HBK0 | G18: I | H18: 0 | I18: 0 | J18: 22 | K18: 22.6 | L18: 205.9737 | M18: 1.0664 | N18: 0 | O18: 0 | P18: 0 | Q18: 0 | R18: 0 | S18: 0 | T18: 0 | U18: 0 | V18: 0 | W18: 0 | Y18: 0 | Z18: 0 | AA18: 0 | AB18: 2 | AC18: 0 | AE18: 0 | AF18: 0 | AH18: 0 | AI18: 0 | AK18: 0 | AL18: 0 | AM18: SCADA | AN18: 0 | AO18: 2 | AP18: 0 | AQ18: 2 | AR18: 6
A19: 191012024062345498 | B19: SOLUTION | C19: PNODE | D19: 1 | E19: 45463.49 | F19: ASB2201 | G19: A | H19: 0 | I19: 0 | J19: 0 | K19: 0 | L19: 205.8642 | M19: 1.0659 | N19: 0 | O19: 0 | P19: 0 | Q19: 0 | R19: 0 | S19: 0 | T19: 0 | U19: 0 | V19: 0 | W19: 0 | Y19: 0 | Z19: 0 | AA19: 0 | AB19: 2 | AC19: 0 | AE19: 0 | AF19: 0 | AH19: 0 | AI19: 0 | AK19: 0 | AL19: 0 | AN19: 0 | AO19: 0 | AP19: 0 | AQ19: 0 | AR19: 0
A20: 191012024062345498 | B20: SOLUTION | C20: PNODE | D20: 1 | E20: 45463.49 | F20: ASY0111 | G20: X | H20: 0 | I20: 12.6142 | J20: 0 | K20: 12.7 | L20: 228.091 | M20: 1.1809 | N20: 0 | O20: 0 | P20: 0 | Q20: 12.614 | R20: 0 | S20: 0 | T20: 0 | U20: 0 | V20: 0 | W20: 0 | X20: METER | Y20: 0 | Z20: 0 | AA20: 0 | AB20: 2 | AC20: 0 | AE20: 0 | AF20: 0 | AH20: 0 | AI20: 0 | AK20: 0 | AL20: 0 | AN20: 0 | AO20: 0 | AP20: 0 | AQ20: 0 | AR20: 0
A21: 191012024062345498 | B21: SOLUTION | C21: PNODE | D21: 1 | E21: 45463.49 | F21: ASY0661 | G21: A | H21: 0 | I21: 0 | J21: 0 | K21: 0 | L21: 227.9293 | M21: 1.1801 | N21: 0 | O21: 0 | P21: 0 | Q21: 0 | R21: 0 | S21: 0 | T21: 0 | U21: 0 | V21: 0 | W21: 0 | Y21: 0 | Z21: 0 | AA21: 0 | AB21: 2 | AC21: 0 | AE21: 0 | AF21: 0 | AH21: 0 | AI21: 0 | AK21: 0 | AL21: 0 | AN21: 0 | AO21: 0 | AP21: 0 | AQ21: 0 | AR21: 0
A22: 191012024062345498 | B22: SOLUTION | C22: PNODE | D22: 1 | E22: 45463.49 | F22: ATI2201 | G22: X | H22: 0 | I22: 0 | J22: 0 | K22: 0 | L22: 180.7598 | M22: 0.929 | N22: 0 | O22: 0 | P22: 0 | Q22: 0 | R22: 0 | S22: 0 | T22: 0 | U22: 0 | V22: 0 | W22: 0 | X22: SCADA | Y22: 0 | Z22: 0 | AA22: 0 | AB22: 1 | AC22: 0 | AE22: 0 | AF22: 0 | AH22: 0 | AI22: 0 | AK22: 0 | AL22: 0 | AN22: 0 | AO22: 0 | AP22: 0 | AQ22: 0 | AR22: 0
A23: 191012024062345498 | B23: SOLUTION | C23: PNODE | D23: 1 | E23: 45463.49 | F23: ATI2201 ATI0 | G23: I | H23: 0 | I23: 0 | J23: 51 | K23: 16.826 | L23: 180.7598 | M23: 0.929 | N23: 0 | O23: 0 | P23: 0 | Q23: 0 | R23: 0 | S23: 0 | T23: 0 | U23: 0 | V23: 0 | W23: 0 | Y23: 0 | Z23: 0 | AA23: 0 | AB23: 1 | AC23: 0 | AE23: 0 | AF23: 0 | AH23: 0 | AI23: 0 | AK23: 0 | AL23: 0 | AM23: SCADA | AN23: 0 | AO23: 18 | AP23: 0 | AQ23: 23 | AR23: 18
A24: 191012024062345498 | B24: SOLUTION | C24: PNODE | D24: 1 | E24: 45463.49 | F24: AVI2201 | G24: X | H24: 0 | I24: 0 | J24: 0 | K24: 0 | L24: 193.2498 | M24: 1.0006 | N24: 0 | O24: 0 | P24: 0 | Q24: 0 | R24: 0 | S24: 0 | T24: 0 | U24: 0 | V24: 0 | W24: 0 | X24: SCADA | Y24: 0 | Z24: 0 | AA24: 0 | AB24: 2 | AC24: 0 | AE24: 0 | AF24: 0 | AH24: 0 | AI24: 0 | AK24: 0 | AL24: 0 | AN24: 0 | AO24: 0 | AP24: 0 | AQ24: 0 | AR24: 0
A25: 191012024062345498 | B25: SOLUTION | C25: PNODE | D25: 1 | E25: 45463.49 | F25: AVI2201 AVI0 | G25: I | H25: 0 | I25: 0 | J25: 104.218 | K25: 93.6 | L25: 193.2498 | M25: 1.0006 | N25: 0 | O25: 0 | P25: 0 | Q25: 0 | R25: 0 | S25: 0 | T25: 0 | U25: 0 | V25: 0 | W25: 0 | Y25: 0 | Z25: 0 | AA25: 0 | AB25: 2 | AC25: 0 | AE25: 0 | AF25: 0 | AH25: 0 | AI25: 0 | AK25: 0 | AL25: 0 | AM25: SCADA | AN25: 0 | AO25: 104.378 | AP25: 0 | AQ25: 110.782 | AR25: 104.378
A26: 191012024062345498 | B26: SOLUTION | C26: PNODE | D26: 1 | E26: 45463.49 | F26: BAL0331 | G26: X | H26: 0 | I26: 20.5214 | J26: 0 | K26: 20.661 | L26: 206.4871 | M26: 1.0691 | N26: 0 | O26: 0 | P26: 0 | Q26: 20.521 | R26: 0 | S26: 0 | T26: 0 | U26: 0 | V26: 0 | W26: 0 | X26: SE | Y26: 0 | Z26: 0 | AA26: 0 | AB26: 2 | AC26: 0 | AE26: 0 | AF26: 0 | AH26: 0 | AI26: 0 | AK26: 0 | AL26: 0 | AN26: 0 | AO26: 0 | AP26: 0 | AQ26: 0 | AR26: 0
A27: 191012024062345498 | B27: SOLUTION | C27: PNODE | D27: 1 | E27: 45463.49 | F27: BAL1101 | G27: A | H27: 0 | I27: 0 | J27: 0 | K27: 0 | L27: 203.9434 | M27: 1.0559 | N27: 0 | O27: 0 | P27: 0 | Q27: 0 | R27: 0 | S27: 0 | T27: 0 | U27: 0 | V27: 0 | W27: 0 | Y27: 0 | Z27: 0 | AA27: 0 | AB27: 2 | AC27: 0 | AE27: 0 | AF27: 0 | AH27: 0 | AI27: 0 | AK27: 0 | AL27: 0 | AN27: 0 | AO27: 0 | AP27: 0 | AQ27: 0 | AR27: 0
A28: 191012024062345498 | B28: SOLUTION | C28: PNODE | D28: 1 | E28: 45463.49 | F28: BDE0111 | G28: X | H28: 0 | I28: 3.079 | J28: 0 | K28: 3.1 | L28: 195.6464 | M28: 1.013 | N28: 0 | O28: 0 | P28: 0 | Q28: 3.079 | R28: 0 | S28: 0 | T28: 0 | U28: 0 | V28: 0 | W28: 0 | X28: METER | Y28: 0 | Z28: 0 | AA28: 0 | AB28: 2 | AC28: 0 | AE28: 0 | AF28: 0 | AH28: 0 | AI28: 0 | AK28: 0 | AL28: 0 | AN28: 0 | AO28: 0 | AP28: 0 | AQ28: 0 | AR28: 0
A29: 191012024062345498 | B29: SOLUTION | C29: PNODE | D29: 1 | E29: 45463.49 | F29: BDE1101 | G29: A | H29: 0 | I29: 0 | J29: 0 | K29: 0 | L29: 195.5131 | M29: 1.0123 | N29: 0 | O29: 0 | P29: 0 | Q29: 0 | R29: 0 | S29: 0 | T29: 0 | U29: 0 | V29: 0 | W29: 0 | Y29: 0 | Z29: 0 | AA29: 0 | AB29: 2 | AC29: 0 | AE29: 0 | AF29: 0 | AH29: 0 | AI29: 0 | AK29: 0 | AL29: 0 | AN29: 0 | AO29: 0 | AP29: 0 | AQ29: 0 | AR29: 0
A30: 191012024062345498 | B30: SOLUTION | C30: PNODE | D30: 1 | E30: 45463.49 | F30: BEN2201 | G30: A | H30: 0 | I30: 0 | J30: 0 | K30: 0 | L30: 193.1423 | M30: 1 | N30: 0 | O30: 0 | P30: 0 | Q30: 0 | R30: 0 | S30: 0 | T30: 0 | U30: 0 | V30: 0 | W30: 0 | Y30: 0 | Z30: 0 | AA30: 0 | AB30: 2 | AC30: 0 | AE30: 0 | AF30: 0 | AH30: 0 | AI30: 0 | AK30: 0 | AL30: 0 | AN30: 0 | AO30: 0 | AP30: 0 | AQ30: 0 | AR30: 0
A31: 191012024062345498 | B31: SOLUTION | C31: PNODE | D31: 1 | E31: 45463.49 | F31: BEN2202 | G31: X | H31: 0 | I31: 0 | J31: 0 | K31: 0 | L31: 193.1423 | M31: 1 | N31: 0 | O31: 0 | P31: 0 | Q31: 0 | R31: 0 | S31: 0 | T31: 0 | U31: 0 | V31: 0 | W31: 0 | X31: SE | Y31: 0 | Z31: 0 | AA31: 0 | AB31: 2 | AC31: 0 | AE31: 0 | AF31: 0 | AH31: 0 | AI31: 0 | AK31: 0 | AL31: 0 | AN31: 0 | AO31: 0 | AP31: 0 | AQ31: 0 | AR31: 0
A32: 191012024062345498 | B32: SOLUTION | C32: PNODE | D32: 1 | E32: 45463.49 | F32: BEN2202 BEN0 | G32: I | H32: 0 | I32: 0 | J32: 227.341 | K32: 147.98 | L32: 193.1423 | M32: 1 | N32: 0 | O32: 0 | P32: 0 | Q32: 0 | R32: 0 | S32: 0 | T32: 0 | U32: 0 | V32: 0 | W32: 0 | Y32: 0 | Z32: 0 | AA32: 0 | AB32: 2 | AC32: 0 | AE32: 0 | AF32: 0 | AH32: 0 | AI32: 0 | AK32: 0 | AL32: 0 | AM32: SCADA | AN32: 0 | AO32: 227.69 | AP32: 0 | AQ32: 241.659 | AR32: 227.69
A33: 191012024062345498 | B33: SOLUTION | C33: PNODE | D33: 1 | E33: 45463.49 | F33: BEN3502 | G33: A | H33: 0 | I33: 0 | J33: 0 | K33: 0 | L33: 193.1423 | M33: 1 | N33: 0 | O33: 0 | P33: 0 | Q33: 0 | R33: 0 | S33: 0 | T33: 0 | U33: 0 | V33: 0 | W33: 0 | Y33: 0 | Z33: 0 | AA33: 0 | AB33: 2 | AC33: 0 | AE33: 0 | AF33: 0 | AH33: 0 | AI33: 0 | AK33: 0 | AL33: 0 | AN33: 0 | AO33: 0 | AP33: 0 | AQ33: 0 | AR33: 0
A34: 191012024062345498 | B34: SOLUTION | C34: PNODE | D34: 1 | E34: 45463.49 | F34: BEN3503 | G34: A | H34: 0 | I34: 0 | J34: 0 | K34: 0 | L34: 193.1423 | M34: 1 | N34: 0 | O34: 0 | P34: 0 | Q34: 0 | R34: 0 | S34: 0 | T34: 0 | U34: 0 | V34: 0 | W34: 0 | Y34: 0 | Z34: 0 | AA34: 0 | AB34: 2 | AC34: 0 | AE34: 0 | AF34: 0 | AH34: 0 | AI34: 0 | AK34: 0 | AL34: 0 | AN34: 0 | AO34: 0 | AP34: 0 | AQ34: 0 | AR34: 0
A35: 191012024062345498 | B35: SOLUTION | C35: PNODE | D35: 1 | E35: 45463.49 | F35: BHL2201 | G35: A | H35: 0 | I35: 0 | J35: 0 | K35: 0 | L35: 192.8894 | M35: 0.9913 | N35: 0 | O35: 0 | P35: 0 | Q35: 0 | R35: 0 | S35: 0 | T35: 0 | U35: 0 | V35: 0 | W35: 0 | Y35: 0 | Z35: 0 | AA35: 0 | AB35: 1 | AC35: 0 | AE35: 0 | AF35: 0 | AH35: 0 | AI35: 0 | AK35: 0 | AL35: 0 | AN35: 0 | AO35: 0 | AP35: 0 | AQ35: 0 | AR35: 0
A36: 191012024062345498 | B36: SOLUTION | C36: PNODE | D36: 1 | E36: 45463.49 | F36: BHL2202 | G36: A | H36: 1 | I36: 0 | J36: 0 | K36: 0 | L36: 0 | M36: 0 | N36: 0 | O36: 0 | P36: 0 | Q36: 0 | R36: 1 | S36: 0 | T36: 0 | U36: 0 | V36: 0 | W36: 0 | Y36: 0 | Z36: 0 | AA36: 0 | AB36: 0 | AC36: 0 | AE36: 0 | AF36: 0 | AH36: 0 | AI36: 0 | AK36: 1 | AL36: 0 | AN36: 0 | AO36: 0 | AP36: 0 | AQ36: 0 | AR36: 0
A37: 191012024062345498 | B37: SOLUTION | C37: PNODE | D37: 1 | E37: 45463.49 | F37: BLN0331 | G37: X | H37: 0 | I37: 58.5019 | J37: 0 | K37: 58.9 | L37: 231.5127 | M37: 1.1987 | N37: 0 | O37: 0 | P37: 0 | Q37: 58.502 | R37: 0 | S37: 0 | T37: 0 | U37: 0 | V37: 0 | W37: 0 | X37: METER | Y37: 0 | Z37: 0 | AA37: 0 | AB37: 2 | AC37: 0 | AE37: 0 | AF37: 0 | AH37: 0 | AI37: 0 | AK37: 0 | AL37: 0 | AN37: 0 | AO37: 0 | AP37: 0 | AQ37: 0 | AR37: 0
A38: 191012024062345498 | B38: SOLUTION | C38: PNODE | D38: 1 | E38: 45463.49 | F38: BLN1101 | G38: A | H38: 0 | I38: 0 | J38: 0 | K38: 0 | L38: 230.8826 | M38: 1.1954 | N38: 0 | O38: 0 | P38: 0 | Q38: 0 | R38: 0 | S38: 0 | T38: 0 | U38: 0 | V38: 0 | W38: 0 | Y38: 0 | Z38: 0 | AA38: 0 | AB38: 2 | AC38: 0 | AE38: 0 | AF38: 0 | AH38: 0 | AI38: 0 | AK38: 0 | AL38: 0 | AN38: 0 | AO38: 0 | AP38: 0 | AQ38: 0 | AR38: 0
A39: 191012024062345498 | B39: SOLUTION | C39: PNODE | D39: 1 | E39: 45463.49 | F39: BOB1101 | G39: X | H39: 0 | I39: 64.4547 | J39: 0 | K39: 65.1 | L39: 191.6133 | M39: 0.9847 | N39: 0 | O39: 0 | P39: 0 | Q39: 64.455 | R39: 0 | S39: 0 | T39: 0 | U39: 0 | V39: 0 | W39: 0 | X39: SCADA | Y39: 0 | Z39: 0 | AA39: 0 | AB39: 1 | AC39: 0 | AE39: 0 | AF39: 0 | AH39: 0 | AI39: 0 | AK39: 0 | AL39: 0 | AN39: 0 | AO39: 0 | AP39: 0 | AQ39: 0 | AR39: 0
A40: 191012024062345498 | B40: SOLUTION | C40: PNODE | D40: 1 | E40: 45463.49 | F40: BOB2204 | G40: A | H40: 0 | I40: 0 | J40: 0 | K40: 0 | L40: 191.6848 | M40: 0.9851 | N40: 0 | O40: 0 | P40: 0 | Q40: 0 | R40: 0 | S40: 0 | T40: 0 | U40: 0 | V40: 0 | W40: 0 | Y40: 0 | Z40: 0 | AA40: 0 | AB40: 1 | AC40: 0 | AE40: 0 | AF40: 0 | AH40: 0 | AI40: 0 | AK40: 0 | AL40: 0 | AN40: 0 | AO40: 0 | AP40: 0 | AQ40: 0 | AR40: 0
A41: 191012024062345498 | B41: SOLUTION | C41: PNODE | D41: 1 | E41: 45463.49 | F41: BOB2205 | G41: A | H41: 0 | I41: 0 | J41: 0 | K41: 0 | L41: 191.5506 | M41: 0.9844 | N41: 0 | O41: 0 | P41: 0 | Q41: 0 | R41: 0 | S41: 0 | T41: 0 | U41: 0 | V41: 0 | W41: 0 | Y41: 0 | Z41: 0 | AA41: 0 | AB41: 1 | AC41: 0 | AE41: 0 | AF41: 0 | AH41: 0 | AI41: 0 | AK41: 0 | AL41: 0 | AN41: 0 | AO41: 0 | AP41: 0 | AQ41: 0 | AR41: 0
A42: 191012024062345498 | B42: SOLUTION | C42: PNODE | D42: 1 | E42: 45463.49 | F42: BOT2201 | G42: A | H42: 0 | I42: 0 | J42: 0 | K42: 0 | L42: 191.6845 | M42: 0.9851 | N42: 0 | O42: 0 | P42: 0 | Q42: 0 | R42: 0 | S42: 0 | T42: 0 | U42: 0 | V42: 0 | W42: 0 | Y42: 0 | Z42: 0 | AA42: 0 | AB42: 1 | AC42: 0 | AE42: 0 | AF42: 0 | AH42: 0 | AI42: 0 | AK42: 0 | AL42: 0 | AN42: 0 | AO42: 0 | AP42: 0 | AQ42: 0 | AR42: 0
A43: 191012024062345498 | B43: SOLUTION | C43: PNODE | D43: 1 | E43: 45463.49 | F43: BOT2202 | G43: A | H43: 0 | I43: 0 | J43: 0 | K43: 0 | L43: 191.55 | M43: 0.9844 | N43: 0 | O43: 0 | P43: 0 | Q43: 0 | R43: 0 | S43: 0 | T43: 0 | U43: 0 | V43: 0 | W43: 0 | Y43: 0 | Z43: 0 | AA43: 0 | AB43: 1 | AC43: 0 | AE43: 0 | AF43: 0 | AH43: 0 | AI43: 0 | AK43: 0 | AL43: 0 | AN43: 0 | AO43: 0 | AP43: 0 | AQ43: 0 | AR43: 0
A44: 191012024062345498 | B44: SOLUTION | C44: PNODE | D44: 1 | E44: 45463.49 | F44: BPC1101 | G44: A | H44: 0 | I44: 0 | J44: 0 | K44: 0 | L44: 197.5938 | M44: 1.023 | N44: 0 | O44: 0 | P44: 0 | Q44: 0 | R44: 0 | S44: 0 | T44: 0 | U44: 0 | V44: 0 | W44: 0 | Y44: 0 | Z44: 0 | AA44: 0 | AB44: 2 | AC44: 0 | AE44: 0 | AF44: 0 | AH44: 0 | AI44: 0 | AK44: 0 | AL44: 0 | AN44: 0 | AO44: 0 | AP44: 0 | AQ44: 0 | AR44: 0
A45: 191012024062345498 | B45: SOLUTION | C45: PNODE | D45: 1 | E45: 45463.49 | F45: BPD1101 | G45: X | H45: 0 | I45: 2.5824 | J45: 0 | K45: 2.6 | L45: 198.824 | M45: 1.0294 | N45: 0 | O45: 0 | P45: 0 | Q45: 2.582 | R45: 0 | S45: 0 | T45: 0 | U45: 0 | V45: 0 | W45: 0 | X45: METER | Y45: 0 | Z45: 0 | AA45: 0 | AB45: 2 | AC45: 0 | AE45: 0 | AF45: 0 | AH45: 0 | AI45: 0 | AK45: 0 | AL45: 0 | AN45: 0 | AO45: 0 | AP45: 0 | AQ45: 0 | AR45: 0
A46: 191012024062345498 | B46: SOLUTION | C46: PNODE | D46: 1 | E46: 45463.49 | F46: BPE0331 | G46: X | H46: 0 | I46: 59.8706 | J46: 0 | K46: 60.47 | L46: 190.4908 | M46: 0.979 | N46: 0 | O46: 0 | P46: 0 | Q46: 59.871 | R46: 0 | S46: 0 | T46: 0 | U46: 0 | V46: 0 | W46: 0 | X46: METER | Y46: 0 | Z46: 0 | AA46: 0 | AB46: 1 | AC46: 0 | AE46: 0 | AF46: 0 | AH46: 0 | AI46: 0 | AK46: 0 | AL46: 0 | AN46: 0 | AO46: 0 | AP46: 0 | AQ46: 0 | AR46: 0
A47: 191012024062345498 | B47: SOLUTION | C47: PNODE | D47: 1 | E47: 45463.49 | F47: BPE0331 TWF0 | G47: I | H47: 0 | I47: 0 | J47: 16.67 | K47: 16.67 | L47: 190.4908 | M47: 0.979 | N47: 0 | O47: 0 | P47: 0 | Q47: 0 | R47: 0 | S47: 0 | T47: 0 | U47: 0 | V47: 0 | W47: 0 | Y47: 0 | Z47: 0 | AA47: 0 | AB47: 1 | AC47: 0 | AE47: 0 | AF47: 0 | AH47: 0 | AI47: 0 | AK47: 0 | AL47: 0 | AM47: SCADA | AN47: 0 | AO47: 0 | AP47: 0 | AQ47: 0 | AR47: 0
A48: 191012024062345498 | B48: SOLUTION | C48: PNODE | D48: 1 | E48: 45463.49 | F48: BPE0551 | G48: X | H48: 0 | I48: 0 | J48: 0 | K48: 0 | L48: 190.0278 | M48: 0.9766 | N48: 0 | O48: 0 | P48: 0 | Q48: 0 | R48: 0 | S48: 0 | T48: 0 | U48: 0 | V48: 0 | W48: 0 | X48: METER | Y48: 0 | Z48: 0 | AA48: 0 | AB48: 1 | AC48: 0 | AE48: 0 | AF48: 0 | AH48: 0 | AI48: 0 | AK48: 0 | AL48: 0 | AN48: 0 | AO48: 0 | AP48: 0 | AQ48: 0 | AR48: 0
A49: 191012024062345498 | B49: SOLUTION | C49: PNODE | D49: 1 | E49: 45463.49 | F49: BPE1101 | G49: A | H49: 0 | I49: 0 | J49: 0 | K49: 0 | L49: 190.0298 | M49: 0.9766 | N49: 0 | O49: 0 | P49: 0 | Q49: 0 | R49: 0 | S49: 0 | T49: 0 | U49: 0 | V49: 0 | W49: 0 | Y49: 0 | Z49: 0 | AA49: 0 | AB49: 1 | AC49: 0 | AE49: 0 | AF49: 0 | AH49: 0 | AI49: 0 | AK49: 0 | AL49: 0 | AN49: 0 | AO49: 0 | AP49: 0 | AQ49: 0 | AR49: 0
A50: 191012024062345498 | B50: SOLUTION | C50: PNODE | D50: 1 | E50: 45463.49 | F50: BPE2201 | G50: A | H50: 0 | I50: 0 | J50: 0 | K50: 0 | L50: 189.8757 | M50: 0.9758 | N50: 0 | O50: 0 | P50: 0 | Q50: 0 | R50: 0 | S50: 0 | T50: 0 | U50: 0 | V50: 0 | W50: 0 | Y50: 0 | Z50: 0 | AA50: 0 | AB50: 1 | AC50: 0 | AE50: 0 | AF50: 0 | AH50: 0 | AI50: 0 | AK50: 0 | AL50: 0 | AN50: 0 | AO50: 0 | AP50: 0 | AQ50: 0 | AR50: 0
A51: 191012024062345498 | B51: SOLUTION | C51: PNODE | D51: 1 | E51: 45463.49 | F51: BPT1101 | G51: X | H51: 0 | I51: 0 | J51: 0 | K51: 0 | L51: 197.6383 | M51: 1.0233 | N51: 0 | O51: 0 | P51: 0 | Q51: 0 | R51: 0 | S51: 0 | T51: 0 | U51: 0 | V51: 0 | W51: 0 | X51: SCADA | Y51: 0 | Z51: 0 | AA51: 0 | AB51: 2 | AC51: 0 | AE51: 0 | AF51: 0 | AH51: 0 | AI51: 0 | AK51: 0 | AL51: 0 | AN51: 0 | AO51: 0 | AP51: 0 | AQ51: 0 | AR51: 0
A52: 191012024062345498 | B52: SOLUTION | C52: PNODE | D52: 1 | E52: 45463.49 | F52: BRB0331 | G52: X | H52: 0 | I52: 0 | J52: 0 | K52: 0 | L52: 0.0106 | M52: 0.0001 | N52: 0 | O52: 0 | P52: 0 | Q52: 0 | R52: 0 | S52: 0 | T52: 0 | U52: 0 | V52: 0 | W52: 0 | X52: SCADA | Y52: 0 | Z52: 0 | AA52: 0 | AB52: 3 | AC52: 0 | AE52: 0 | AF52: 0 | AH52: 0 | AI52: 0 | AK52: 0 | AL52: 0 | AN52: 0 | AO52: 0 | AP52: 0 | AQ52: 0 | AR52: 0
A53: 191012024062345498 | B53: SOLUTION | C53: PNODE | D53: 1 | E53: 45463.49 | F53: BRB2201 | G53: A | H53: 0 | I53: 0 | J53: 0 | K53: 0 | L53: 0.0106 | M53: 0.0001 | N53: 0 | O53: 0 | P53: 0 | Q53: 0 | R53: 0 | S53: 0 | T53: 0 | U53: 0 | V53: 0 | W53: 0 | Y53: 0 | Z53: 0 | AA53: 0 | AB53: 3 | AC53: 0 | AE53: 0 | AF53: 0 | AH53: 0 | AI53: 0 | AK53: 0 | AL53: 0 | AN53: 0 | AO53: 0 | AP53: 0 | AQ53: 0 | AR53: 0
A54: 191012024062345498 | B54: SOLUTION | C54: PNODE | D54: 1 | E54: 45463.49 | F54: BRK0331 | G54: X | H54: 0 | I54: 18.4156 | J54: 0 | K54: 18.6 | L54: 189.648 | M54: 0.9746 | N54: 0 | O54: 0 | P54: 0 | Q54: 18.416 | R54: 0 | S54: 0 | T54: 0 | U54: 0 | V54: 0 | W54: 0 | X54: METER | Y54: 0 | Z54: 0 | AA54: 0 | AB54: 1 | AC54: 0 | AE54: 0 | AF54: 0 | AH54: 0 | AI54: 0 | AK54: 0 | AL54: 0 | AN54: 0 | AO54: 0 | AP54: 0 | AQ54: 0 | AR54: 0
A55: 191012024062345498 | B55: SOLUTION | C55: PNODE | D55: 1 | E55: 45463.49 | F55: BRK2201 | G55: A | H55: 0 | I55: 0 | J55: 0 | K55: 0 | L55: 188.9927 | M55: 0.9713 | N55: 0 | O55: 0 | P55: 0 | Q55: 0 | R55: 0 | S55: 0 | T55: 0 | U55: 0 | V55: 0 | W55: 0 | Y55: 0 | Z55: 0 | AA55: 0 | AB55: 1 | AC55: 0 | AE55: 0 | AF55: 0 | AH55: 0 | AI55: 0 | AK55: 0 | AL55: 0 | AN55: 0 | AO55: 0 | AP55: 0 | AQ55: 0 | AR55: 0
A56: 191012024062345498 | B56: SOLUTION | C56: PNODE | D56: 1 | E56: 45463.49 | F56: BRK2202 | G56: A | H56: 0 | I56: 0 | J56: 0 | K56: 0 | L56: 188.9927 | M56: 0.9713 | N56: 0 | O56: 0 | P56: 0 | Q56: 0 | R56: 0 | S56: 0 | T56: 0 | U56: 0 | V56: 0 | W56: 0 | Y56: 0 | Z56: 0 | AA56: 0 | AB56: 1 | AC56: 0 | AE56: 0 | AF56: 0 | AH56: 0 | AI56: 0 | AK56: 0 | AL56: 0 | AN56: 0 | AO56: 0 | AP56: 0 | AQ56: 0 | AR56: 0
A57: 191012024062345498 | B57: SOLUTION | C57: PNODE | D57: 1 | E57: 45463.49 | F57: BRY0661 | G57: X | H57: 0 | I57: 111.3424 | J57: 0 | K57: 112.1 | L57: 211.3464 | M57: 1.0943 | N57: 0 | O57: 0 | P57: 0 | Q57: 111.342 | R57: 0 | S57: 0 | T57: 0 | U57: 0 | V57: 0 | W57: 0 | X57: METER | Y57: 0 | Z57: 0 | AA57: 0 | AB57: 2 | AC57: 0 | AE57: 0 | AF57: 0 | AH57: 0 | AI57: 0 | AK57: 0 | AL57: 0 | AN57: 0 | AO57: 0 | AP57: 0 | AQ57: 0 | AR57: 0
A58: 191012024062345498 | B58: SOLUTION | C58: PNODE | D58: 1 | E58: 45463.49 | F58: BRY2201 | G58: A | H58: 0 | I58: 0 | J58: 0 | K58: 0 | L58: 211.0014 | M58: 1.0925 | N58: 0 | O58: 0 | P58: 0 | Q58: 0 | R58: 0 | S58: 0 | T58: 0 | U58: 0 | V58: 0 | W58: 0 | Y58: 0 | Z58: 0 | AA58: 0 | AB58: 2 | AC58: 0 | AE58: 0 | AF58: 0 | AH58: 0 | AI58: 0 | AK58: 0 | AL58: 0 | AN58: 0 | AO58: 0 | AP58: 0 | AQ58: 0 | AR58: 0
A59: 191012024062345498 | B59: SOLUTION | C59: PNODE | D59: 1 | E59: 45463.49 | F59: BWK1101 | G59: X | H59: 0 | I59: 0 | J59: 0 | K59: 0 | L59: 198.459 | M59: 1.0275 | N59: 0 | O59: 0 | P59: 0 | Q59: 0 | R59: 0 | S59: 0 | T59: 0 | U59: 0 | V59: 0 | W59: 0 | X59: SCADA | Y59: 0 | Z59: 0 | AA59: 0 | AB59: 2 | AC59: 0 | AE59: 0 | AF59: 0 | AH59: 0 | AI59: 0 | AK59: 0 | AL59: 0 | AN59: 0 | AO59: 0 | AP59: 0 | AQ59: 0 | AR59: 0
A60: 191012024062345498 | B60: SOLUTION | C60: PNODE | D60: 1 | E60: 45463.49 | F60: BWK1101 WPI0 | G60: I | H60: 0 | I60: 0 | J60: 0 | K60: 23.04 | L60: 198.459 | M60: 1.0275 | N60: 0 | O60: 0 | P60: 0 | Q60: 0 | R60: 0 | S60: 0 | T60: 0 | U60: 0 | V60: 0 | W60: 0 | Y60: 0 | Z60: 0 | AA60: 0 | AB60: 2 | AC60: 0 | AE60: 0 | AF60: 0 | AH60: 0 | AI60: 0 | AK60: 0 | AL60: 0 | AM60: SCADA | AN60: 0 | AO60: 27 | AP60: 0 | AQ60: 27 | AR60: 30
A61: 191012024062345498 | B61: SOLUTION | C61: PNODE | D61: 1 | E61: 45463.49 | F61: CBG0111 | G61: X | H61: 0 | I61: 26.4353 | J61: 0 | K61: 26.7 | L61: 190.1359 | M61: 0.9772 | N61: 0 | O61: 0 | P61: 0 | Q61: 26.435 | R61: 0 | S61: 0 | T61: 0 | U61: 0 | V61: 0 | W61: 0 | X61: METER | Y61: 0 | Z61: 0 | AA61: 0 | AB61: 1 | AC61: 0 | AE61: 0 | AF61: 0 | AH61: 0 | AI61: 0 | AK61: 0 | AL61: 0 | AN61: 0 | AO61: 0 | AP61: 0 | AQ61: 0 | AR61: 0
A62: 191012024062345498 | B62: SOLUTION | C62: PNODE | D62: 1 | E62: 45463.49 | F62: CBG1101 | G62: A | H62: 0 | I62: 0 | J62: 0 | K62: 0 | L62: 189.47 | M62: 0.9737 | N62: 0 | O62: 0 | P62: 0 | Q62: 0 | R62: 0 | S62: 0 | T62: 0 | U62: 0 | V62: 0 | W62: 0 | Y62: 0 | Z62: 0 | AA62: 0 | AB62: 1 | AC62: 0 | AE62: 0 | AF62: 0 | AH62: 0 | AI62: 0 | AK62: 0 | AL62: 0 | AN62: 0 | AO62: 0 | AP62: 0 | AQ62: 0 | AR62: 0
A63: 191012024062345498 | B63: SOLUTION | C63: PNODE | D63: 1 | E63: 45463.49 | F63: CBG1102 | G63: A | H63: 0 | I63: 0 | J63: 0 | K63: 0 | L63: 189.4703 | M63: 0.9737 | N63: 0 | O63: 0 | P63: 0 | Q63: 0 | R63: 0 | S63: 0 | T63: 0 | U63: 0 | V63: 0 | W63: 0 | Y63: 0 | Z63: 0 | AA63: 0 | AB63: 1 | AC63: 0 | AE63: 0 | AF63: 0 | AH63: 0 | AI63: 0 | AK63: 0 | AL63: 0 | AN63: 0 | AO63: 0 | AP63: 0 | AQ63: 0 | AR63: 0
A64: 191012024062345498 | B64: SOLUTION | C64: PNODE | D64: 1 | E64: 45463.49 | F64: CLH0111 | G64: X | H64: 0 | I64: 0.298 | J64: 0 | K64: 0.3 | L64: 204.4286 | M64: 1.0584 | N64: 0 | O64: 0 | P64: 0 | Q64: 0.298 | R64: 0 | S64: 0 | T64: 0 | U64: 0 | V64: 0 | W64: 0 | X64: METER | Y64: 0 | Z64: 0 | AA64: 0 | AB64: 2 | AC64: 0 | AE64: 0 | AF64: 0 | AH64: 0 | AI64: 0 | AK64: 0 | AL64: 0 | AN64: 0 | AO64: 0 | AP64: 0 | AQ64: 0 | AR64: 0
A65: 191012024062345498 | B65: SOLUTION | C65: PNODE | D65: 1 | E65: 45463.49 | F65: CLH0661 | G65: A | H65: 0 | I65: 0 | J65: 0 | K65: 0 | L65: 204.2565 | M65: 1.0575 | N65: 0 | O65: 0 | P65: 0 | Q65: 0 | R65: 0 | S65: 0 | T65: 0 | U65: 0 | V65: 0 | W65: 0 | Y65: 0 | Z65: 0 | AA65: 0 | AB65: 2 | AC65: 0 | AE65: 0 | AF65: 0 | AH65: 0 | AI65: 0 | AK65: 0 | AL65: 0 | AN65: 0 | AO65: 0 | AP65: 0 | AQ65: 0 | AR65: 0
A66: 191012024062345498 | B66: SOLUTION | C66: PNODE | D66: 1 | E66: 45463.49 | F66: CML0331 | G66: X | H66: 0 | I66: 32.0817 | J66: 0 | K66: 32.3 | L66: 193.6695 | M66: 1.0027 | N66: 0 | O66: 0 | P66: 0 | Q66: 32.082 | R66: 0 | S66: 0 | T66: 0 | U66: 0 | V66: 0 | W66: 0 | X66: METER | Y66: 0 | Z66: 0 | AA66: 0 | AB66: 2 | AC66: 0 | AE66: 0 | AF66: 0 | AH66: 0 | AI66: 0 | AK66: 0 | AL66: 0 | AN66: 0 | AO66: 0 | AP66: 0 | AQ66: 0 | AR66: 0
A67: 191012024062345498 | B67: SOLUTION | C67: PNODE | D67: 1 | E67: 45463.49 | F67: CML1101 | G67: A | H67: 0 | I67: 0 | J67: 0 | K67: 0 | L67: 193.5239 | M67: 1.002 | N67: 0 | O67: 0 | P67: 0 | Q67: 0 | R67: 0 | S67: 0 | T67: 0 | U67: 0 | V67: 0 | W67: 0 | Y67: 0 | Z67: 0 | AA67: 0 | AB67: 2 | AC67: 0 | AE67: 0 | AF67: 0 | AH67: 0 | AI67: 0 | AK67: 0 | AL67: 0 | AN67: 0 | AO67: 0 | AP67: 0 | AQ67: 0 | AR67: 0
A68: 191012024062345498 | B68: SOLUTION | C68: PNODE | D68: 1 | E68: 45463.49 | F68: CML1102 | G68: A | H68: 0 | I68: 0 | J68: 0 | K68: 0 | L68: 193.5404 | M68: 1.0021 | N68: 0 | O68: 0 | P68: 0 | Q68: 0 | R68: 0 | S68: 0 | T68: 0 | U68: 0 | V68: 0 | W68: 0 | Y68: 0 | Z68: 0 | AA68: 0 | AB68: 2 | AC68: 0 | AE68: 0 | AF68: 0 | AH68: 0 | AI68: 0 | AK68: 0 | AL68: 0 | AN68: 0 | AO68: 0 | AP68: 0 | AQ68: 0 | AR68: 0
A69: 191012024062345498 | B69: SOLUTION | C69: PNODE | D69: 1 | E69: 45463.49 | F69: CML2201 | G69: A | H69: 0 | I69: 0 | J69: 0 | K69: 0 | L69: 193.2023 | M69: 1.0003 | N69: 0 | O69: 0 | P69: 0 | Q69: 0 | R69: 0 | S69: 0 | T69: 0 | U69: 0 | V69: 0 | W69: 0 | Y69: 0 | Z69: 0 | AA69: 0 | AB69: 2 | AC69: 0 | AE69: 0 | AF69: 0 | AH69: 0 | AI69: 0 | AK69: 0 | AL69: 0 | AN69: 0 | AO69: 0 | AP69: 0 | AQ69: 0 | AR69: 0
A70: 191012024062345498 | B70: SOLUTION | C70: PNODE | D70: 1 | E70: 45463.49 | F70: CML2202 | G70: A | H70: 0 | I70: 0 | J70: 0 | K70: 0 | L70: 193.2163 | M70: 1.0004 | N70: 0 | O70: 0 | P70: 0 | Q70: 0 | R70: 0 | S70: 0 | T70: 0 | U70: 0 | V70: 0 | W70: 0 | Y70: 0 | Z70: 0 | AA70: 0 | AB70: 2 | AC70: 0 | AE70: 0 | AF70: 0 | AH70: 0 | AI70: 0 | AK70: 0 | AL70: 0 | AN70: 0 | AO70: 0 | AP70: 0 | AQ70: 0 | AR70: 0
A71: 191012024062345498 | B71: SOLUTION | C71: PNODE | D71: 1 | E71: 45463.49 | F71: COL0111 | G71: X | H71: 0 | I71: 0.2463 | J71: 0 | K71: 0.248 | L71: 202.6083 | M71: 1.049 | N71: 0 | O71: 0 | P71: 0 | Q71: 0.246 | R71: 0 | S71: 0 | T71: 0 | U71: 0 | V71: 0 | W71: 0 | X71: SE | Y71: 0 | Z71: 0 | AA71: 0 | AB71: 2 | AC71: 0 | AE71: 0 | AF71: 0 | AH71: 0 | AI71: 0 | AK71: 0 | AL71: 0 | AN71: 0 | AO71: 0 | AP71: 0 | AQ71: 0 | AR71: 0
A72: 191012024062345498 | B72: SOLUTION | C72: PNODE | D72: 1 | E72: 45463.49 | F72: COL0661 | G72: X | H72: 0 | I72: 0.1232 | J72: 0 | K72: 0.124 | L72: 202.4845 | M72: 1.0484 | N72: 0 | O72: 0 | P72: 0 | Q72: 0.123 | R72: 0 | S72: 0 | T72: 0 | U72: 0 | V72: 0 | W72: 0 | X72: SE | Y72: 0 | Z72: 0 | AA72: 0 | AB72: 2 | AC72: 0 | AE72: 0 | AF72: 0 | AH72: 0 | AI72: 0 | AK72: 0 | AL72: 0 | AN72: 0 | AO72: 0 | AP72: 0 | AQ72: 0 | AR72: 0
A73: 191012024062345498 | B73: SOLUTION | C73: PNODE | D73: 1 | E73: 45463.49 | F73: COL0661 COL0 | G73: I | H73: 0 | I73: 0 | J73: 21.5 | K73: 21.46 | L73: 202.4845 | M73: 1.0484 | N73: 0 | O73: 0 | P73: 0 | Q73: 0 | R73: 0 | S73: 0 | T73: 0 | U73: 0 | V73: 0 | W73: 0 | Y73: 0 | Z73: 0 | AA73: 0 | AB73: 2 | AC73: 0 | AE73: 0 | AF73: 0 | AH73: 0 | AI73: 0 | AK73: 0 | AL73: 0 | AM73: SCADA | AN73: 0 | AO73: 0 | AP73: 0 | AQ73: 0 | AR73: 0.5
A74: 191012024062345498 | B74: SOLUTION | C74: PNODE | D74: 1 | E74: 45463.49 | F74: CPK0111 | G74: X | H74: 0 | I74: 13.9602 | J74: 0 | K74: 14.1 | L74: 197.4479 | M74: 1.0147 | N74: 0 | O74: 0 | P74: 0 | Q74: 13.96 | R74: 0 | S74: 0 | T74: 0 | U74: 0 | V74: 0 | W74: 0 | X74: METER | Y74: 0 | Z74: 0 | AA74: 0 | AB74: 1 | AC74: 0 | AE74: 0 | AF74: 0 | AH74: 0 | AI74: 0 | AK74: 0 | AL74: 0 | AN74: 0 | AO74: 0 | AP74: 0 | AQ74: 0 | AR74: 0
A75: 191012024062345498 | B75: SOLUTION | C75: PNODE | D75: 1 | E75: 45463.49 | F75: CPK0331 | G75: X | H75: 0 | I75: 97.0286 | J75: 0 | K75: 98 | L75: 196.6024 | M75: 1.0104 | N75: 0 | O75: 0 | P75: 0 | Q75: 97.029 | R75: 0 | S75: 0 | T75: 0 | U75: 0 | V75: 0 | W75: 0 | X75: METER | Y75: 0 | Z75: 0 | AA75: 0 | AB75: 1 | AC75: 0 | AE75: 0 | AF75: 0 | AH75: 0 | AI75: 0 | AK75: 0 | AL75: 0 | AN75: 0 | AO75: 0 | AP75: 0 | AQ75: 0 | AR75: 0
A76: 191012024062345498 | B76: SOLUTION | C76: PNODE | D76: 1 | E76: 45463.49 | F76: CPK1101 | G76: A | H76: 0 | I76: 0 | J76: 0 | K76: 0 | L76: 195.6664 | M76: 1.0056 | N76: 0 | O76: 0 | P76: 0 | Q76: 0 | R76: 0 | S76: 0 | T76: 0 | U76: 0 | V76: 0 | W76: 0 | Y76: 0 | Z76: 0 | AA76: 0 | AB76: 1 | AC76: 0 | AE76: 0 | AF76: 0 | AH76: 0 | AI76: 0 | AK76: 0 | AL76: 0 | AN76: 0 | AO76: 0 | AP76: 0 | AQ76: 0 | AR76: 0
A77: 191012024062345498 | B77: SOLUTION | C77: PNODE | D77: 1 | E77: 45463.49 | F77: CPK1102 | G77: A | H77: 0 | I77: 0 | J77: 0 | K77: 0 | L77: 195.6644 | M77: 1.0056 | N77: 0 | O77: 0 | P77: 0 | Q77: 0 | R77: 0 | S77: 0 | T77: 0 | U77: 0 | V77: 0 | W77: 0 | Y77: 0 | Z77: 0 | AA77: 0 | AB77: 1 | AC77: 0 | AE77: 0 | AF77: 0 | AH77: 0 | AI77: 0 | AK77: 0 | AL77: 0 | AN77: 0 | AO77: 0 | AP77: 0 | AQ77: 0 | AR77: 0
A78: 191012024062345498 | B78: SOLUTION | C78: PNODE | D78: 1 | E78: 45463.49 | F78: CPK1103 | G78: A | H78: 0 | I78: 0 | J78: 0 | K78: 0 | L78: 196.0248 | M78: 1.0074 | N78: 0 | O78: 0 | P78: 0 | Q78: 0 | R78: 0 | S78: 0 | T78: 0 | U78: 0 | V78: 0 | W78: 0 | Y78: 0 | Z78: 0 | AA78: 0 | AB78: 1 | AC78: 0 | AE78: 0 | AF78: 0 | AH78: 0 | AI78: 0 | AK78: 0 | AL78: 0 | AN78: 0 | AO78: 0 | AP78: 0 | AQ78: 0 | AR78: 0
A79: 191012024062345498 | B79: SOLUTION | C79: PNODE | D79: 1 | E79: 45463.49 | F79: CST0331 | G79: X | H79: 0 | I79: 41.9797 | J79: 0 | K79: 42.4 | L79: 179.8527 | M79: 0.9243 | N79: 0 | O79: 0 | P79: 0 | Q79: 41.98 | R79: 0 | S79: 0 | T79: 0 | U79: 0 | V79: 0 | W79: 0 | X79: METER | Y79: 0 | Z79: 0 | AA79: 0 | AB79: 1 | AC79: 0 | AE79: 0 | AF79: 0 | AH79: 0 | AI79: 0 | AK79: 0 | AL79: 0 | AN79: 0 | AO79: 0 | AP79: 0 | AQ79: 0 | AR79: 0
A80: 191012024062345498 | B80: SOLUTION | C80: PNODE | D80: 1 | E80: 45463.49 | F80: CST1101 | G80: A | H80: 0 | I80: 0 | J80: 0 | K80: 0 | L80: 179.5052 | M80: 0.9225 | N80: 0 | O80: 0 | P80: 0 | Q80: 0 | R80: 0 | S80: 0 | T80: 0 | U80: 0 | V80: 0 | W80: 0 | Y80: 0 | Z80: 0 | AA80: 0 | AB80: 1 | AC80: 0 | AE80: 0 | AF80: 0 | AH80: 0 | AI80: 0 | AK80: 0 | AL80: 0 | AN80: 0 | AO80: 0 | AP80: 0 | AQ80: 0 | AR80: 0
A81: 191012024062345498 | B81: SOLUTION | C81: PNODE | D81: 1 | E81: 45463.49 | F81: CUL0331 | G81: X | H81: 0 | I81: 6.5554 | J81: 0 | K81: 6.6 | L81: 215.8609 | M81: 1.1176 | N81: 0 | O81: 0 | P81: 0 | Q81: 6.555 | R81: 0 | S81: 0 | T81: 0 | U81: 0 | V81: 0 | W81: 0 | X81: METER | Y81: 0 | Z81: 0 | AA81: 0 | AB81: 2 | AC81: 0 | AE81: 0 | AF81: 0 | AH81: 0 | AI81: 0 | AK81: 0 | AL81: 0 | AN81: 0 | AO81: 0 | AP81: 0 | AQ81: 0 | AR81: 0
A82: 191012024062345498 | B82: SOLUTION | C82: PNODE | D82: 1 | E82: 45463.49 | F82: CUL0661 | G82: X | H82: 0 | I82: 6.4561 | J82: 0 | K82: 6.5 | L82: 216.8577 | M82: 1.1228 | N82: 0 | O82: 0 | P82: 0 | Q82: 6.456 | R82: 0 | S82: 0 | T82: 0 | U82: 0 | V82: 0 | W82: 0 | X82: METER | Y82: 0 | Z82: 0 | AA82: 0 | AB82: 2 | AC82: 0 | AE82: 0 | AF82: 0 | AH82: 0 | AI82: 0 | AK82: 0 | AL82: 0 | AN82: 0 | AO82: 0 | AP82: 0 | AQ82: 0 | AR82: 0
A83: 191012024062345498 | B83: SOLUTION | C83: PNODE | D83: 1 | E83: 45463.49 | F83: CUL2202 | G83: A | H83: 0 | I83: 0 | J83: 0 | K83: 0 | L83: 215.8041 | M83: 1.1173 | N83: 0 | O83: 0 | P83: 0 | Q83: 0 | R83: 0 | S83: 0 | T83: 0 | U83: 0 | V83: 0 | W83: 0 | Y83: 0 | Z83: 0 | AA83: 0 | AB83: 2 | AC83: 0 | AE83: 0 | AF83: 0 | AH83: 0 | AI83: 0 | AK83: 0 | AL83: 0 | AN83: 0 | AO83: 0 | AP83: 0 | AQ83: 0 | AR83: 0
A84: 191012024062345498 | B84: SOLUTION | C84: PNODE | D84: 1 | E84: 45463.49 | F84: CUL2203 | G84: A | H84: 0 | I84: 0 | J84: 0 | K84: 0 | L84: 214.8807 | M84: 1.1126 | N84: 0 | O84: 0 | P84: 0 | Q84: 0 | R84: 0 | S84: 0 | T84: 0 | U84: 0 | V84: 0 | W84: 0 | Y84: 0 | Z84: 0 | AA84: 0 | AB84: 2 | AC84: 0 | AE84: 0 | AF84: 0 | AH84: 0 | AI84: 0 | AK84: 0 | AL84: 0 | AN84: 0 | AO84: 0 | AP84: 0 | AQ84: 0 | AR84: 0
A85: 191012024062345498 | B85: SOLUTION | C85: PNODE | D85: 1 | E85: 45463.49 | F85: CYD0331 | G85: X | H85: 0 | I85: 7.9459 | J85: 0 | K85: 8 | L85: 193.2321 | M85: 1.0005 | N85: 0 | O85: 0 | P85: 0 | Q85: 7.946 | R85: 0 | S85: 0 | T85: 0 | U85: 0 | V85: 0 | W85: 0 | X85: METER | Y85: 0 | Z85: 0 | AA85: 0 | AB85: 2 | AC85: 0 | AE85: 0 | AF85: 0 | AH85: 0 | AI85: 0 | AK85: 0 | AL85: 0 | AN85: 0 | AO85: 0 | AP85: 0 | AQ85: 0 | AR85: 0
A86: 191012024062345498 | B86: SOLUTION | C86: PNODE | D86: 1 | E86: 45463.49 | F86: CYD2201 | G86: X | H86: 0 | I86: 0 | J86: 0 | K86: 0 | L86: 193.0265 | M86: 0.9994 | N86: 0 | O86: 0 | P86: 0 | Q86: 0 | R86: 0 | S86: 0 | T86: 0 | U86: 0 | V86: 0 | W86: 0 | X86: SE | Y86: 0 | Z86: 0 | AA86: 0 | AB86: 2 | AC86: 0 | AE86: 0 | AF86: 0 | AH86: 0 | AI86: 0 | AK86: 0 | AL86: 0 | AN86: 0 | AO86: 0 | AP86: 0 | AQ86: 0 | AR86: 0
A87: 191012024062345498 | B87: SOLUTION | C87: PNODE | D87: 1 | E87: 45463.49 | F87: CYD2201 CYD0 | G87: I | H87: 0 | I87: 0 | J87: 206 | K87: 209.2 | L87: 193.0265 | M87: 0.9994 | N87: 0 | O87: 0 | P87: 0 | Q87: 0 | R87: 0 | S87: 0 | T87: 0 | U87: 0 | V87: 0 | W87: 0 | Y87: 0 | Z87: 0 | AA87: 0 | AB87: 2 | AC87: 0 | AE87: 0 | AF87: 0 | AH87: 0 | AI87: 0 | AK87: 0 | AL87: 0 | AM87: SCADA | AN87: 0 | AO87: 258 | AP87: 0 | AQ87: 258 | AR87: 258
A88: 191012024062345498 | B88: SOLUTION | C88: PNODE | D88: 1 | E88: 45463.49 | F88: DOB0331 | G88: X | H88: 0 | I88: 5.3635 | J88: 0 | K88: 5.4 | L88: 226.1279 | M88: 1.1708 | N88: 0 | O88: 0 | P88: 0 | Q88: 5.364 | R88: 0 | S88: 0 | T88: 0 | U88: 0 | V88: 0 | W88: 0 | X88: METER | Y88: 0 | Z88: 0 | AA88: 0 | AB88: 2 | AC88: 0 | AE88: 0 | AF88: 0 | AH88: 0 | AI88: 0 | AK88: 0 | AL88: 0 | AN88: 0 | AO88: 0 | AP88: 0 | AQ88: 0 | AR88: 0
A89: 191012024062345498 | B89: SOLUTION | C89: PNODE | D89: 1 | E89: 45463.49 | F89: DOB0661 | G89: A | H89: 0 | I89: 0 | J89: 0 | K89: 0 | L89: 225.4099 | M89: 1.1671 | N89: 0 | O89: 0 | P89: 0 | Q89: 0 | R89: 0 | S89: 0 | T89: 0 | U89: 0 | V89: 0 | W89: 0 | Y89: 0 | Z89: 0 | AA89: 0 | AB89: 2 | AC89: 0 | AE89: 0 | AF89: 0 | AH89: 0 | AI89: 0 | AK89: 0 | AL89: 0 | AN89: 0 | AO89: 0 | AP89: 0 | AQ89: 0 | AR89: 0
A90: 191012024062345498 | B90: SOLUTION | C90: PNODE | D90: 1 | E90: 45463.49 | F90: DOB1101 | G90: A | H90: 0 | I90: 0 | J90: 0 | K90: 0 | L90: 225.4269 | M90: 1.1672 | N90: 0 | O90: 0 | P90: 0 | Q90: 0 | R90: 0 | S90: 0 | T90: 0 | U90: 0 | V90: 0 | W90: 0 | Y90: 0 | Z90: 0 | AA90: 0 | AB90: 2 | AC90: 0 | AE90: 0 | AF90: 0 | AH90: 0 | AI90: 0 | AK90: 0 | AL90: 0 | AN90: 0 | AO90: 0 | AP90: 0 | AQ90: 0 | AR90: 0
A91: 191012024062345498 | B91: SOLUTION | C91: PNODE | D91: 1 | E91: 45463.49 | F91: DOB1102 | G91: A | H91: 0 | I91: 0 | J91: 0 | K91: 0 | L91: 225.6007 | M91: 1.1681 | N91: 0 | O91: 0 | P91: 0 | Q91: 0 | R91: 0 | S91: 0 | T91: 0 | U91: 0 | V91: 0 | W91: 0 | Y91: 0 | Z91: 0 | AA91: 0 | AB91: 2 | AC91: 0 | AE91: 0 | AF91: 0 | AH91: 0 | AI91: 0 | AK91: 0 | AL91: 0 | AN91: 0 | AO91: 0 | AP91: 0 | AQ91: 0 | AR91: 0
A92: 191012024062345498 | B92: SOLUTION | C92: PNODE | D92: 1 | E92: 45463.49 | F92: DRY2201 | G92: A | H92: 0 | I92: 0 | J92: 0 | K92: 0 | L92: 192.2473 | M92: 0.988 | N92: 0 | O92: 0 | P92: 0 | Q92: 0 | R92: 0 | S92: 0 | T92: 0 | U92: 0 | V92: 0 | W92: 0 | Y92: 0 | Z92: 0 | AA92: 0 | AB92: 1 | AC92: 0 | AE92: 0 | AF92: 0 | AH92: 0 | AI92: 0 | AK92: 0 | AL92: 0 | AN92: 0 | AO92: 0 | AP92: 0 | AQ92: 0 | AR92: 0
A93: 191012024062345498 | B93: SOLUTION | C93: PNODE | D93: 1 | E93: 45463.49 | F93: DRY2202 | G93: A | H93: 0 | I93: 0 | J93: 0 | K93: 0 | L93: 192.2473 | M93: 0.988 | N93: 0 | O93: 0 | P93: 0 | Q93: 0 | R93: 0 | S93: 0 | T93: 0 | U93: 0 | V93: 0 | W93: 0 | Y93: 0 | Z93: 0 | AA93: 0 | AB93: 1 | AC93: 0 | AE93: 0 | AF93: 0 | AH93: 0 | AI93: 0 | AK93: 0 | AL93: 0 | AN93: 0 | AO93: 0 | AP93: 0 | AQ93: 0 | AR93: 0
A94: 191012024062345498 | B94: SOLUTION | C94: PNODE | D94: 1 | E94: 45463.49 | F94: DVK0111 | G94: X | H94: 0 | I94: 10.1979 | J94: 0 | K94: 10.3 | L94: 194.2996 | M94: 0.9986 | N94: 0 | O94: 0 | P94: 0 | Q94: 10.198 | R94: 0 | S94: 0 | T94: 0 | U94: 0 | V94: 0 | W94: 0 | X94: METER | Y94: 0 | Z94: 0 | AA94: 0 | AB94: 1 | AC94: 0 | AE94: 0 | AF94: 0 | AH94: 0 | AI94: 0 | AK94: 0 | AL94: 0 | AN94: 0 | AO94: 0 | AP94: 0 | AQ94: 0 | AR94: 0
A95: 191012024062345498 | B95: SOLUTION | C95: PNODE | D95: 1 | E95: 45463.49 | F95: DVK1101 | G95: A | H95: 0 | I95: 0 | J95: 0 | K95: 0 | L95: 193.7446 | M95: 0.9957 | N95: 0 | O95: 0 | P95: 0 | Q95: 0 | R95: 0 | S95: 0 | T95: 0 | U95: 0 | V95: 0 | W95: 0 | Y95: 0 | Z95: 0 | AA95: 0 | AB95: 1 | AC95: 0 | AE95: 0 | AF95: 0 | AH95: 0 | AI95: 0 | AK95: 0 | AL95: 0 | AN95: 0 | AO95: 0 | AP95: 0 | AQ95: 0 | AR95: 0
A96: 191012024062345498 | B96: SOLUTION | C96: PNODE | D96: 1 | E96: 45463.49 | F96: DVK1102 | G96: A | H96: 0 | I96: 0 | J96: 0 | K96: 0 | L96: 194.2983 | M96: 0.9985 | N96: 0 | O96: 0 | P96: 0 | Q96: 0 | R96: 0 | S96: 0 | T96: 0 | U96: 0 | V96: 0 | W96: 0 | Y96: 0 | Z96: 0 | AA96: 0 | AB96: 1 | AC96: 0 | AE96: 0 | AF96: 0 | AH96: 0 | AI96: 0 | AK96: 0 | AL96: 0 | AN96: 0 | AO96: 0 | AP96: 0 | AQ96: 0 | AR96: 0
A97: 191012024062345498 | B97: SOLUTION | C97: PNODE | D97: 1 | E97: 45463.49 | F97: EDG0331 | G97: X | H97: 0 | I97: 42.792 | J97: 0 | K97: 42.792 | L97: 180.0035 | M97: 0.9251 | N97: 0 | O97: 0 | P97: 0 | Q97: 42.792 | R97: 0 | S97: 0 | T97: 0 | U97: 0 | V97: 0 | W97: 0 | X97: METER | Y97: 0 | Z97: 0 | AA97: 0 | AB97: 1 | AC97: 0 | AE97: 0 | AF97: 0 | AH97: 0 | AI97: 0 | AK97: 0 | AL97: 0 | AN97: 0 | AO97: 0 | AP97: 0 | AQ97: 0 | AR97: 0
A98: 191012024062345498 | B98: SOLUTION | C98: PNODE | D98: 1 | E98: 45463.49 | F98: EDG0331 RGT0 | G98: I | H98: 0 | I98: 0 | J98: 14.807 | K98: 14.807 | L98: 180.0035 | M98: 0.9251 | N98: 0 | O98: 0 | P98: 0 | Q98: 0 | R98: 0 | S98: 0 | T98: 0 | U98: 0 | V98: 0 | W98: 0 | Y98: 0 | Z98: 0 | AA98: 0 | AB98: 1 | AC98: 0 | AE98: 0 | AF98: 0 | AH98: 0 | AI98: 0 | AK98: 0 | AL98: 0 | AM98: SCADA | AN98: 0 | AO98: 0 | AP98: 0 | AQ98: 0 | AR98: 0
A99: 191012024062345498 | B99: SOLUTION | C99: PNODE | D99: 1 | E99: 45463.49 | F99: EDG1101 | G99: A | H99: 0 | I99: 0 | J99: 0 | K99: 0 | L99: 178.7692 | M99: 0.9187 | N99: 0 | O99: 0 | P99: 0 | Q99: 0 | R99: 0 | S99: 0 | T99: 0 | U99: 0 | V99: 0 | W99: 0 | Y99: 0 | Z99: 0 | AA99: 0 | AB99: 1 | AC99: 0 | AE99: 0 | AF99: 0 | AH99: 0 | AI99: 0 | AK99: 0 | AL99: 0 | AN99: 0 | AO99: 0 | AP99: 0 | AQ99: 0 | AR99: 0
A100: 191012024062345498 | B100: SOLUTION | C100: PNODE | D100: 1 | E100: 45463.49 | F100: EDG1102 | G100: A | H100: 0 | I100: 0 | J100: 0 | K100: 0 | L100: 178.7692 | M100: 0.9187 | N100: 0 | O100: 0 | P100: 0 | Q100: 0 | R100: 0 | S100: 0 | T100: 0 | U100: 0 | V100: 0 | W100: 0 | Y100: 0 | Z100: 0 | AA100: 0 | AB100: 1 | AC100: 0 | AE100: 0 | AF100: 0 | AH100: 0 | AI100: 0 | AK100: 0 | AL100: 0 | AN100: 0 | AO100: 0 | AP100: 0 | AQ100: 0 | AR100: 0
...

Sheet Sheet2
A1: CaseID | B1: DateTime | C1: Period | D1: Node | E1: Generation (MW) | F1: Load (MW) | G1: Price ($/MWh) | H1: Deficit(MW) | I1: Surplus(MW) | J1: GENERATION | K1: LOAD | L1: PRICE | M1: INITIALMW | N1: Node Re | O1: LOAD
A2: 191012024062345498 | B2: 45463.49 | C2: TP24 | D2: ABY0111 | E2: 0 | F2: 1.9865 | G2: 203.1972 | H2: 0 | I2: 0 | J2: =VLOOKUP($D2,'Solution Pnode'!$F:$L,5,FALSE) -> 0 | K2: =VLOOKUP($D2,'Solution Pnode'!$F:$L,4,FALSE) -> 1.9865 | L2: =VLOOKUP($D2,'Solution Pnode'!$F:$L,7,FALSE) -> 203.1972 | M2: =VLOOKUP($D2,'Solution Pnode'!$F:$L,6,FALSE) -> 2 | N2: =J2-E2 -> 0 | O2: =K2-F2 -> 0 | P2: =L2-G2 -> 0
A3: 191012024062345498 | B3: 45463.49 | C3: TP24 | D3: ABY1101 | E3: 0 | F3: 0 | G3: 202.98 | H3: 0 | I3: 0 | J3: =VLOOKUP($D3,'Solution Pnode'!$F:$L,5,FALSE) -> 0 | K3: =VLOOKUP($D3,'Solution Pnode'!$F:$L,4,FALSE) -> 0 | L3: =VLOOKUP($D3,'Solution Pnode'!$F:$L,7,FALSE) -> 202.98 | M3: =VLOOKUP($D3,'Solution Pnode'!$F:$L,6,FALSE) -> 0 | N3: =J3-E3 -> 0 | O3: =K3-F3 -> 0 | P3: =L3-G3 -> 0
A4: 191012024062345498 | B4: 45463.49 | C4: TP24 | D4: ALB0331 | E4: 0 | F4: 91.2861 | G4: 194.5025 | H4: 0 | I4: 0 | J4: =VLOOKUP($D4,'Solution Pnode'!$F:$L,5,FALSE) -> 0 | K4: =VLOOKUP($D4,'Solution Pnode'!$F:$L,4,FALSE) -> 91.2861 | L4: =VLOOKUP($D4,'Solution Pnode'!$F:$L,7,FALSE) -> 194.5025 | M4: =VLOOKUP($D4,'Solution Pnode'!$F:$L,6,FALSE) -> 92.2 | N4: =J4-E4 -> 0 | O4: =K4-F4 -> 0 | P4: =L4-G4 -> 0
A5: 191012024062345498 | B5: 45463.49 | C5: TP24 | D5: ALB1101 | E5: 0 | F5: 34.3561 | G5: 194.2658 | H5: 0 | I5: 0 | J5: =VLOOKUP($D5,'Solution Pnode'!$F:$L,5,FALSE) -> 0 | K5: =VLOOKUP($D5,'Solution Pnode'!$F:$L,4,FALSE) -> 34.356 | L5: =VLOOKUP($D5,'Solution Pnode'!$F:$L,7,FALSE) -> 194.2658 | M5: =VLOOKUP($D5,'Solution Pnode'!$F:$L,6,FALSE) -> 34.7 | N5: =J5-E5 -> 0 | O5: =K5-F5 -> -0.0001 | P5: =L5-G5 -> 0
A6: 191012024062345498 | B6: 45463.49 | C6: TP24 | D6: ALB2201 | E6: 0 | F6: 0 | G6: 193.9955 | H6: 0 | I6: 0 | J6: =VLOOKUP($D6,'Solution Pnode'!$F:$L,5,FALSE) -> 0 | K6: =VLOOKUP($D6,'Solution Pnode'!$F:$L,4,FALSE) -> 0 | L6: =VLOOKUP($D6,'Solution Pnode'!$F:$L,7,FALSE) -> 193.9955 | M6: =VLOOKUP($D6,'Solution Pnode'!$F:$L,6,FALSE) -> 0 | N6: =J6-E6 -> 0 | O6: =K6-F6 -> 0 | P6: =L6-G6 -> 0
A7: 191012024062345498 | B7: 45463.49 | C7: TP24 | D7: APS0111 | E7: 0 | F7: 0.2771 | G7: 207.2326 | H7: 0 | I7: 0 | J7: =VLOOKUP($D7,'Solution Pnode'!$F:$L,5,FALSE) -> 0 | K7: =VLOOKUP($D7,'Solution Pnode'!$F:$L,4,FALSE) -> 0.2771 | L7: =VLOOKUP($D7,'Solution Pnode'!$F:$L,7,FALSE) -> 207.2326 | M7: =VLOOKUP($D7,'Solution Pnode'!$F:$L,6,FALSE) -> 0.279 | N7: =J7-E7 -> 0 | O7: =K7-F7 -> 0 | P7: =L7-G7 -> 0
A8: 191012024062345498 | B8: 45463.49 | C8: TP24 | D8: APS0661 | E8: 0 | F8: 0 | G8: 206.8734 | H8: 0 | I8: 0 | J8: =VLOOKUP($D8,'Solution Pnode'!$F:$L,5,FALSE) -> 0 | K8: =VLOOKUP($D8,'Solution Pnode'!$F:$L,4,FALSE) -> 0 | L8: =VLOOKUP($D8,'Solution Pnode'!$F:$L,7,FALSE) -> 206.8734 | M8: =VLOOKUP($D8,'Solution Pnode'!$F:$L,6,FALSE) -> 0 | N8: =J8-E8 -> 0 | O8: =K8-F8 -> 0 | P8: =L8-G8 -> 0
A9: 191012024062345498 | B9: 45463.49 | C9: TP24 | D9: ARA2201 | E9: 0 | F9: 0 | G9: 179.978 | H9: 0 | I9: 0 | J9: =VLOOKUP($D9,'Solution Pnode'!$F:$L,5,FALSE) -> 0 | K9: =VLOOKUP($D9,'Solution Pnode'!$F:$L,4,FALSE) -> 0 | L9: =VLOOKUP($D9,'Solution Pnode'!$F:$L,7,FALSE) -> 179.978 | M9: =VLOOKUP($D9,'Solution Pnode'!$F:$L,6,FALSE) -> 0 | N9: =J9-E9 -> 0 | O9: =K9-F9 -> 0 | P9: =L9-G9 -> 0
A10: 191012024062345498 | B10: 45463.49 | C10: TP24 | D10: ARA2201 ARA0 | E10: 47 | F10: 0 | G10: 179.978 | H10: 0 | I10: 0 | J10: =VLOOKUP($D10,'Solution Pnode'!$F:$L,5,FALSE) -> 47 | K10: =VLOOKUP($D10,'Solution Pnode'!$F:$L,4,FALSE) -> 0 | L10: =VLOOKUP($D10,'Solution Pnode'!$F:$L,7,FALSE) -> 179.978 | M10: =VLOOKUP($D10,'Solution Pnode'!$F:$L,6,FALSE) -> 63.096 | N10: =J10-E10 -> 0 | O10: =K10-F10 -> 0 | P10: =L10-G10 -> 0
A11: 191012024062345498 | B11: 45463.49 | C11: TP24 | D11: ARG1101 | E11: 0 | F11: 0 | G11: 222.4605 | H11: 0 | I11: 0 | J11: =VLOOKUP($D11,'Solution Pnode'!$F:$L,5,FALSE) -> 0 | K11: =VLOOKUP($D11,'Solution Pnode'!$F:$L,4,FALSE) -> 0 | L11: =VLOOKUP($D11,'Solution Pnode'!$F:$L,7,FALSE) -> 222.4605 | M11: =VLOOKUP($D11,'Solution Pnode'!$F:$L,6,FALSE) -> 0 | N11: =J11-E11 -> 0 | O11: =K11-F11 -> 0 | P11: =L11-G11 -> 0
A12: 191012024062345498 | B12: 45463.49 | C12: TP24 | D12: ARG1101 BRR0 | E12: 11 | F12: 0 | G12: 222.4605 | H12: 0 | I12: 0 | J12: =VLOOKUP($D12,'Solution Pnode'!$F:$L,5,FALSE) -> 11 | K12: =VLOOKUP($D12,'Solution Pnode'!$F:$L,4,FALSE) -> 0 | L12: =VLOOKUP($D12,'Solution Pnode'!$F:$L,7,FALSE) -> 222.4605 | M12: =VLOOKUP($D12,'Solution Pnode'!$F:$L,6,FALSE) -> 10.9 | N12: =J12-E12 -> 0 | O12: =K12-F12 -> 0 | P12: =L12-G12 -> 0
A13: 191012024062345498 | B13: 45463.49 | C13: TP24 | D13: ARI1101 | E13: 0 | F13: 0 | G13: 176.4655 | H13: 0 | I13: 0 | J13: =VLOOKUP($D13,'Solution Pnode'!$F:$L,5,FALSE) -> 0 | K13: =VLOOKUP($D13,'Solution Pnode'!$F:$L,4,FALSE) -> 0 | L13: =VLOOKUP($D13,'Solution Pnode'!$F:$L,7,FALSE) -> 176.4655 | M13: =VLOOKUP($D13,'Solution Pnode'!$F:$L,6,FALSE) -> 0 | N13: =J13-E13 -> 0 | O13: =K13-F13 -> 0 | P13: =L13-G13 -> 0
... A22: 191012024062345498 | B22: 45463.49 | C22: TP24 | D22: ATI2201 | E22: 0 | F22: 0 | G22: 180.7598 | H22: 0 | I22: 0 | J22: =VLOOKUP($D22,'Solution Pnode'!$F:$L,5,FALSE) -> 0 | K22: =VLOOKUP($D22,'Solution Pnode'!$F:$L,4,FALSE) -> 0 | L22: =VLOOKUP($D22,'Solution Pnode'!$F:$L,7,FALSE) -> 180.7598 | M22: =VLOOKUP($D22,'Solution Pnode'!$F:$L,6,FALSE) -> 0 | N22: =J22-E22 -> 0 | O22: =K22-F22 -> 0 | P22: =L22-G22 -> 0
A23: 191012024062345498 | B23: 45463.49 | C23: TP24 | D23: ATI2201 ATI0 | E23: 51 | F23: 0 | G23: 180.7598 | H23: 0 | I23: 0 | J23: =VLOOKUP($D23,'Solution Pnode'!$F:$L,5,FALSE) -> 51 | K23: =VLOOKUP($D23,'Solution Pnode'!$F:$L,4,FALSE) -> 0 | L23: =VLOOKUP($D23,'Solution Pnode'!$F:$L,7,FALSE) -> 180.7598 | M23: =VLOOKUP($D23,'Solution Pnode'!$F:$L,6,FALSE) -> 16.826 | N23: =J23-E23 -> 0 | O23: =K23-F23 -> 0 | P23: =L23-G23 -> 0 | U23: =18/10000 -> 0.0018
A24: 191012024062345498 | B24: 45463.49 | C24: TP24 | D24: AVI2201 | E24: 0 | F24: 0 | G24: 193.2498 | H24: 0 | I24: 0 | J24: =VLOOKUP($D24,'Solution Pnode'!$F:$L,5,FALSE) -> 0 | K24: =VLOOKUP($D24,'Solution Pnode'!$F:$L,4,FALSE) -> 0 | L24: =VLOOKUP($D24,'Solution Pnode'!$F:$L,7,FALSE) -> 193.2498 | M24: =VLOOKUP($D24,'Solution Pnode'!$F:$L,6,FALSE) -> 0 | N24: =J24-E24 -> 0 | O24: =K24-F24 -> 0 | P24: =L24-G24 -> 0
A25: 191012024062345498 | B25: 45463.49 | C25: TP24 | D25: AVI2201 AVI0 | E25: 104.218 | F25: 0 | G25: 193.2498 | H25: 0 | I25: 0 | J25: =VLOOKUP($D25,'Solution Pnode'!$F:$L,5,FALSE) -> 104.218 | K25: =VLOOKUP($D25,'Solution Pnode'!$F:$L,4,FALSE) -> 0 | L25: =VLOOKUP($D25,'Solution Pnode'!$F:$L,7,FALSE) -> 193.2498 | M25: =VLOOKUP($D25,'Solution Pnode'!$F:$L,6,FALSE) -> 93.6 | N25: =J25-E25 -> 0 | O25: =K25-F25 -> 0 | P25: =L25-G25 -> 0
A26: 191012024062345498 | B26: 45463.49 | C26: TP24 | D26: BAL0331 | E26: 0 | F26: 20.5214 | G26: 206.4871 | H26: 0 | I26: 0 | J26: =VLOOKUP($D26,'Solution Pnode'!$F:$L,5,FALSE) -> 0 | K26: =VLOOKUP($D26,'Solution Pnode'!$F:$L,4,FALSE) -> 20.5214 | L26: =VLOOKUP($D26,'Solution Pnode'!$F:$L,7,FALSE) -> 206.4871 | M26: =VLOOKUP($D26,'Solution Pnode'!$F:$L,6,FALSE) -> 20.661 | N26: =J26-E26 -> 0 | O26: =K26-F26 -> 0 | P26: =L26-G26 -> 0
A27: 191012024062345498 | B27: 45463.49 | C27: TP24 | D27: BAL1101 | E27: 0 | F27: 0 | G27: 203.9434 | H27: 0 | I27: 0 | J27: =VLOOKUP($D27,'Solution Pnode'!$F:$L,5,FALSE) -> 0 | K27: =VLOOKUP($D27,'Solution Pnode'!$F:$L,4,FALSE) -> 0 | L27: =VLOOKUP($D27,'Solution Pnode'!$F:$L,7,FALSE) -> 203.9434 | M27: =VLOOKUP($D27,'Solution Pnode'!$F:$L,6,FALSE) -> 0 | N27: =J27-E27 -> 0 | O27: =K27-F27 -> 0 | P27: =L27-G27 -> 0
A28: 191012024062345498 | B28: 45463.49 | C28: TP24 | D28: BDE0111 | E28: 0 | F28: 3.079 | G28: 195.6464 | H28: 0 | I28: 0 | J28: =VLOOKUP($D28,'Solution Pnode'!$F:$L,5,FALSE) -> 0 | K28: =VLOOKUP($D28,'Solution Pnode'!$F:$L,4,FALSE) -> 3.079 | L28: =VLOOKUP($D28,'Solution Pnode'!$F:$L,7,FALSE) -> 195.6464 | M28: =VLOOKUP($D28,'Solution Pnode'!$F:$L,6,FALSE) -> 3.1 | N28: =J28-E28 -> 0 | O28: =K28-F28 -> 0 | P28: =L28-G28 -> 0
A29: 191012024062345498 | B29: 45463.49 | C29: TP24 | D29: BDE1101 | E29: 0 | F29: 0 | G29: 195.5131 | H29: 0 | I29: 0 | J29: =VLOOKUP($D29,'Solution Pnode'!$F:$L,5,FALSE) -> 0 | K29: =VLOOKUP($D29,'Solution Pnode'!$F:$L,4,FALSE) -> 0 | L29: =VLOOKUP($D29,'Solution Pnode'!$F:$L,7,FALSE) -> 195.5131 | M29: =VLOOKUP($D29,'Solution Pnode'!$F:$L,6,FALSE) -> 0 | N29: =J29-E29 -> 0 | O29: =K29-F29 -> 0 | P29: =L29-G29 -> 0
A30: 191012024062345498 | B30: 45463.49 | C30: TP24 | D30: BEN2201 | E30: 0 | F30: 0 | G30: 193.1423 | H30: 0 | I30: 0 | J30: =VLOOKUP($D30,'Solution Pnode'!$F:$L,5,FALSE) -> 0 | K30: =VLOOKUP($D30,'Solution Pnode'!$F:$L,4,FALSE) -> 0 | L30: =VLOOKUP($D30,'Solution Pnode'!$F:$L,7,FALSE) -> 193.1423 | M30: =VLOOKUP($D30,'Solution Pnode'!$F:$L,6,FALSE) -> 0 | N30: =J30-E30 -> 0 | O30: =K30-F30 -> 0 | P30: =L30-G30 -> 0
A31: 191012024062345498 | B31: 45463.49 | C31: TP24 | D31: BEN2202 | E31: 0 | F31: 0 | G31: 193.1423 | H31: 0 | I31: 0 | J31: =VLOOKUP($D31,'Solution Pnode'!$F:$L,5,FALSE) -> 0 | K31: =VLOOKUP($D31,'Solution Pnode'!$F:$L,4,FALSE) -> 0 | L31: =VLOOKUP($D31,'Solution Pnode'!$F:$L,7,FALSE) -> 193.1423 | M31: =VLOOKUP($D31,'Solution Pnode'!$F:$L,6,FALSE) -> 0 | N31: =J31-E31 -> 0 | O31: =K31-F31 -> 0 | P31: =L31-G31 -> 0
A32: 191012024062345498 | B32: 45463.49 | C32: TP24 | D32: BEN2202 BEN0 | E32: 227.341 | F32: 0 | G32: 193.1423 | H32: 0 | I32: 0 | J32: =VLOOKUP($D32,'Solution Pnode'!$F:$L,5,FALSE) -> 227.341 | K32: =VLOOKUP($D32,'Solution Pnode'!$F:$L,4,FALSE) -> 0 | L32: =VLOOKUP($D32,'Solution Pnode'!$F:$L,7,FALSE) -> 193.1423 | M32: =VLOOKUP($D32,'Solution Pnode'!$F:$L,6,FALSE) -> 147.98 | N32: =J32-E32 -> 0 | O32: =K32-F32 -> 0 | P32: =L32-G32 -> 0
A33: 191012024062345498 | B33: 45463.49 | C33: TP24 | D33: BEN3502 | E33: 0 | F33: 0 | G33: 193.1423 | H33: 0 | I33: 0 | J33: =VLOOKUP($D33,'Solution Pnode'!$F:$L,5,FALSE) -> 0 | K33: =VLOOKUP($D33,'Solution Pnode'!$F:$L,4,FALSE) -> 0 | L33: =VLOOKUP($D33,'Solution Pnode'!$F:$L,7,FALSE) -> 193.1423 | M33: =VLOOKUP($D33,'Solution Pnode'!$F:$L,6,FALSE) -> 0 | N33: =J33-E33 -> 0 | O33: =K33-F33 -> 0 | P33: =L33-G33 -> 0
A34: 191012024062345498 | B34: 45463.49 | C34: TP24 | D34: BEN3503 | E34: 0 | F34: 0 | G34: 193.1423 | H34: 0 | I34: 0 | J34: =VLOOKUP($D34,'Solution Pnode'!$F:$L,5,FALSE) -> 0 | K34: =VLOOKUP($D34,'Solution Pnode'!$F:$L,4,FALSE) -> 0 | L34: =VLOOKUP($D34,'Solution Pnode'!$F:$L,7,FALSE) -> 193.1423 | M34: =VLOOKUP($D34,'Solution Pnode'!$F:$L,6,FALSE) -> 0 | N34: =J34-E34 -> 0 | O34: =K34-F34 -> 0 | P34: =L34-G34 -> 0
A35: 191012024062345498 | B35: 45463.49 | C35: TP24 | D35: BHL2201 | E35: 0 | F35: 0 | G35: 192.8894 | H35: 0 | I35: 0 | J35: =VLOOKUP($D35,'Solution Pnode'!$F:$L,5,FALSE) -> 0 | K35: =VLOOKUP($D35,'Solution Pnode'!$F:$L,4,FALSE) -> 0 | L35: =VLOOKUP($D35,'Solution Pnode'!$F:$L,7,FALSE) -> 192.8894 | M35: =VLOOKUP($D35,'Solution Pnode'!$F:$L,6,FALSE) -> 0 | N35: =J35-E35 -> 0 | O35: =K35-F35 -> 0 | P35: =L35-G35 -> 0
... A537: 191012024062345498 | B537: 45463.49 | C537: TP24 | D537: WWD1103 WWD0 | E537: 0 | F537: 0 | G537: 195.4184 | H537: 0 | I537: 0 | J537: =VLOOKUP($D537,'Solution Pnode'!$F:$L,5,FALSE) -> 0 | K537: =VLOOKUP($D537,'Solution Pnode'!$F:$L,4,FALSE) -> 0 | L537: =VLOOKUP($D537,'Solution Pnode'!$F:$L,7,FALSE) -> 195.4184 | M537: =VLOOKUP($D537,'Solution Pnode'!$F:$L,6,FALSE) -> 0 | N537: =J537-E537 -> 0 | O537: =K537-F537 -> 0 | P537: =L537-G537 -> 0
W557: =18/10000 -> 0.0018
W558: =W557/0.0002 -> 9

Sheet TraderPeriod_solution
A1: I | B1: SOLUTION | C1: TRADERPERIOD | D1: 1 | E1: INTERVAL | F1: TRADERID | G1: TRADETYPE | H1: PNODENAME | I1: MWCLEARED | J1: RESERVECLEAREDSIXSEC | K1: RESERVECLEAREDSIXTYSEC | L1: UPRAMPRATE | M1: UPRAMPRATEBROKENMW | N1: DNRAMPRATE | O1: DNRAMPRATEBROKENMW | P1: GENRISKSIXSEC | Q1: GENRISKSIXTYSEC | R1: TRADERBLOCKALTKEY | S1: UPRAMPRATEBINDING | T1: DNRAMPRATEBINDING | U1: PRICECLEARED | V1: DIFFBIDSPOSCLEARED | W1: DIFFBIDSNEGCLEARED | X1: IGPOTENTIALMW | Y1: DISPATCHABLE | Z1: DDBIDSLIMIT
A2: D | B2: SOLUTION | C2: TRADERPERIOD | D2: 1 | E2: 45463.49 | F2: 38486 | G2: ENOF | H2: ARA2201 ARA0 | I2: 47 | J2: 0 | K2: 0 | L2: 0 | M2: 0 | N2: 0 | O2: 0 | P2: 0 | Q2: 0 | R2: 5456009624 | S2: 0 | T2: 0 | U2: 0.49 | V2: 0 | W2: 0 | X2: 9999 | Y2: 1 | Z2: 0
A3: D | B3: SOLUTION | C3: TRADERPERIOD | D3: 1 | E3: 45463.49 | F3: 38486 | G3: PLRO | H3: ARA2201 ARA0 | I3: 0 | J3: 0.987 | K3: 3 | L3: 0 | M3: 0 | N3: 0 | O3: 0 | P3: 0 | Q3: 0 | R3: 5455942776 | S3: 0 | T3: 0 | U3: 0.01 | V3: 0 | W3: 0 | X3: 9999 | Y3: 1 | Z3: 0
A4: D | B4: SOLUTION | C4: TRADERPERIOD | D4: 1 | E4: 45463.49 | F4: 38486 | G4: TWRO | H4: ARA2201 ARA0 | I4: 0 | J4: 0 | K4: 0 | L4: 0 | M4: 0 | N4: 0 | O4: 0 | P4: 0 | Q4: 0 | R4: 5455942777 | S4: 0 | T4: 0 | U4: 0 | V4: 0 | W4: 0 | X4: 9999 | Y4: 1 | Z4: 0
A5: D | B5: SOLUTION | C5: TRADERPERIOD | D5: 1 | E5: 45463.49 | F5: 4089922724 | G5: ENOF | H5: ARG1101 BRR0 | I5: 11 | J5: 0 | K5: 0 | L5: 0 | M5: 0 | N5: 0 | O5: 0 | P5: 0 | Q5: 0 | R5: 5455168868 | S5: 0 | T5: 0 | U5: 200 | V5: 0 | W5: 0 | X5: 9999 | Y5: 1 | Z5: 0
A6: D | B6: SOLUTION | C6: TRADERPERIOD | D6: 1 | E6: 45463.49 | F6: 38486 | G6: ENOF | H6: ARI1101 ARI0 | I6: 46 | J6: 0 | K6: 0 | L6: 0 | M6: 0 | N6: 0 | O6: 0 | P6: 0 | Q6: 0 | R6: 5456009626 | S6: 0 | T6: 0 | U6: 0.49 | V6: 0 | W6: 0 | X6: 9999 | Y6: 1 | Z6: 0
A7: D | B7: SOLUTION | C7: TRADERPERIOD | D7: 1 | E7: 45463.49 | F7: 38486 | G7: PLRO | H7: ARI1101 ARI0 | I7: 0 | J7: 0 | K7: 0 | L7: 0 | M7: 0 | N7: 0 | O7: 0 | P7: 0 | Q7: 0 | R7: 5455942780 | S7: 0 | T7: 0 | U7: 0 | V7: 0 | W7: 0 | X7: 9999 | Y7: 1 | Z7: 0
A8: D | B8: SOLUTION | C8: TRADERPERIOD | D8: 1 | E8: 45463.49 | F8: 38486 | G8: TWRO | H8: ARI1101 ARI0 | I8: 0 | J8: 0 | K8: 0 | L8: 0 | M8: 0 | N8: 0 | O8: 0 | P8: 0 | Q8: 0 | R8: 5455942781 | S8: 0 | T8: 0 | U8: 0 | V8: 0 | W8: 0 | X8: 9999 | Y8: 1 | Z8: 0
A9: D | B9: SOLUTION | C9: TRADERPERIOD | D9: 1 | E9: 45463.49 | F9: 38486 | G9: ENOF | H9: ARI1102 ARI0 | I9: 40 | J9: 0 | K9: 0 | L9: 0 | M9: 0 | N9: 0 | O9: 0 | P9: 0 | Q9: 0 | R9: 5456009640 | S9: 0 | T9: 0 | U9: 0.49 | V9: 0 | W9: 0 | X9: 9999 | Y9: 1 | Z9: 0
A10: D | B10: SOLUTION | C10: TRADERPERIOD | D10: 1 | E10: 45463.49 | F10: 38486 | G10: PLRO | H10: ARI1102 ARI0 | I10: 0 | J10: 1 | K10: 3 | L10: 0 | M10: 0 | N10: 0 | O10: 0 | P10: 0 | Q10: 0 | R10: 5455942808 | S10: 0 | T10: 0 | U10: 0.01 | V10: 0 | W10: 0 | X10: 9999 | Y10: 1 | Z10: 0
A11: D | B11: SOLUTION | C11: TRADERPERIOD | D11: 1 | E11: 45463.49 | F11: 38486 | G11: TWRO | H11: ARI1102 ARI0 | I11: 0 | J11: 0 | K11: 0 | L11: 0 | M11: 0 | N11: 0 | O11: 0 | P11: 0 | Q11: 0 | R11: 5455942809 | S11: 0 | T11: 0 | U11: 0 | V11: 0 | W11: 0 | X11: 9999 | Y11: 1 | Z11: 0
A12: D | B12: SOLUTION | C12: TRADERPERIOD | D12: 1 | E12: 45463.49 | F12: 4089922724 | G12: ENOF | H12: ASB0661 HBK0 | I12: 22 | J12: 0 | K12: 0 | L12: 0 | M12: 0 | N12: 0 | O12: 0 | P12: 0 | Q12: 0 | R12: 5455910510 | S12: 0 | T12: 0 | U12: 0.001 | V12: 0 | W12: 0 | X12: 9999 | Y12: 1 | Z12: 0
A13: D | B13: SOLUTION | C13: TRADERPERIOD | D13: 1 | E13: 45463.49 | F13: 38486 | G13: ENOF | H13: ATI2201 ATI0 | I13: 51 | J13: 0 | K13: 0 | L13: 0 | M13: 0 | N13: 0 | O13: 0 | P13: 0 | Q13: 0 | R13: 5456009628 | S13: 0 | T13: 0 | U13: 180 | V13: 0 | W13: 0 | X13: 9999 | Y13: 1 | Z13: 0
... A195: D | B195: SOLUTION | C195: TRADERPERIOD | D195: 1 | E195: 45463.49 | F195: 38481 | G195: ENOF | H195: WWD1103 WWD0 | I195: 0 | J195: 0 | K195: 0 | L195: 0 | M195: 0 | N195: 0 | O195: 0 | P195: 0 | Q195: 0 | R195: 5456127716 | S195: 0 | T195: 0 | U195: 0 | V195: 0 | W195: 0 | X195: 0 | Y195: 1 | Z195: 0
